<annotation>
	<folder>tulip</folder>
	<filename>12916017805_1cde91a891_n.jpg</filename>
	<path>C:\Users\surba\Downloads\new_flowers_dataset\tulip\12916017805_1cde91a891_n.jpg</path>
	<source>
		<database>Unknown</database>
	</source>
	<size>
		<width>320</width>
		<height>240</height>
		<depth>3</depth>
	</size>
	<segmented>0</segmented>
	<object>
		<name>tulip</name>
		<pose>Unspecified</pose>
		<truncated>0</truncated>
		<difficult>0</difficult>
		<bndbox>
			<xmin>172</xmin>
			<ymin>23</ymin>
			<xmax>309</xmax>
			<ymax>205</ymax>
		</bndbox>
	</object>
	<object>
		<name>tulip</name>
		<pose>Unspecified</pose>
		<truncated>0</truncated>
		<difficult>0</difficult>
		<bndbox>
			<xmin>13</xmin>
			<ymin>51</ymin>
			<xmax>92</xmax>
			<ymax>155</ymax>
		</bndbox>
	</object>
	<object>
		<name>tulip</name>
		<pose>Unspecified</pose>
		<truncated>0</truncated>
		<difficult>0</difficult>
		<bndbox>
			<xmin>77</xmin>
			<ymin>84</ymin>
			<xmax>178</xmax>
			<ymax>219</ymax>
		</bndbox>
	</object>
</annotation>
