<annotation>
	<folder>tulip</folder>
	<filename>133858239_3eaa8a91fd_n.jpg</filename>
	<path>C:\Users\surba\Downloads\new_flowers_dataset\tulip\133858239_3eaa8a91fd_n.jpg</path>
	<source>
		<database>Unknown</database>
	</source>
	<size>
		<width>320</width>
		<height>240</height>
		<depth>3</depth>
	</size>
	<segmented>0</segmented>
	<object>
		<name>tulip</name>
		<pose>Unspecified</pose>
		<truncated>0</truncated>
		<difficult>0</difficult>
		<bndbox>
			<xmin>163</xmin>
			<ymin>18</ymin>
			<xmax>240</xmax>
			<ymax>76</ymax>
		</bndbox>
	</object>
	<object>
		<name>tulip</name>
		<pose>Unspecified</pose>
		<truncated>0</truncated>
		<difficult>0</difficult>
		<bndbox>
			<xmin>54</xmin>
			<ymin>57</ymin>
			<xmax>132</xmax>
			<ymax>120</ymax>
		</bndbox>
	</object>
	<object>
		<name>tulip</name>
		<pose>Unspecified</pose>
		<truncated>0</truncated>
		<difficult>0</difficult>
		<bndbox>
			<xmin>76</xmin>
			<ymin>108</ymin>
			<xmax>152</xmax>
			<ymax>165</ymax>
		</bndbox>
	</object>
	<object>
		<name>tulip</name>
		<pose>Unspecified</pose>
		<truncated>0</truncated>
		<difficult>0</difficult>
		<bndbox>
			<xmin>135</xmin>
			<ymin>75</ymin>
			<xmax>199</xmax>
			<ymax>135</ymax>
		</bndbox>
	</object>
	<object>
		<name>tulip</name>
		<pose>Unspecified</pose>
		<truncated>0</truncated>
		<difficult>0</difficult>
		<bndbox>
			<xmin>186</xmin>
			<ymin>65</ymin>
			<xmax>260</xmax>
			<ymax>120</ymax>
		</bndbox>
	</object>
</annotation>
