<annotation>
	<folder>tulip</folder>
	<filename>135994133_4f306fe4bf_n.jpg</filename>
	<path>C:\Users\surba\Downloads\new_flowers_dataset\tulip\135994133_4f306fe4bf_n.jpg</path>
	<source>
		<database>Unknown</database>
	</source>
	<size>
		<width>320</width>
		<height>218</height>
		<depth>3</depth>
	</size>
	<segmented>0</segmented>
	<object>
		<name>tulip</name>
		<pose>Unspecified</pose>
		<truncated>0</truncated>
		<difficult>0</difficult>
		<bndbox>
			<xmin>50</xmin>
			<ymin>5</ymin>
			<xmax>124</xmax>
			<ymax>66</ymax>
		</bndbox>
	</object>
	<object>
		<name>tulip</name>
		<pose>Unspecified</pose>
		<truncated>0</truncated>
		<difficult>0</difficult>
		<bndbox>
			<xmin>84</xmin>
			<ymin>68</ymin>
			<xmax>148</xmax>
			<ymax>113</ymax>
		</bndbox>
	</object>
	<object>
		<name>tulip</name>
		<pose>Unspecified</pose>
		<truncated>0</truncated>
		<difficult>0</difficult>
		<bndbox>
			<xmin>102</xmin>
			<ymin>78</ymin>
			<xmax>176</xmax>
			<ymax>140</ymax>
		</bndbox>
	</object>
	<object>
		<name>tulip</name>
		<pose>Unspecified</pose>
		<truncated>0</truncated>
		<difficult>0</difficult>
		<bndbox>
			<xmin>166</xmin>
			<ymin>63</ymin>
			<xmax>239</xmax>
			<ymax>117</ymax>
		</bndbox>
	</object>
	<object>
		<name>tulip</name>
		<pose>Unspecified</pose>
		<truncated>0</truncated>
		<difficult>0</difficult>
		<bndbox>
			<xmin>207</xmin>
			<ymin>138</ymin>
			<xmax>269</xmax>
			<ymax>211</ymax>
		</bndbox>
	</object>
</annotation>
