<annotation>
	<folder>tulip</folder>
	<filename>14022473102_3b24ca08cb_m.jpg</filename>
	<path>C:\Users\surba\Downloads\new_flowers_dataset\tulip\14022473102_3b24ca08cb_m.jpg</path>
	<source>
		<database>Unknown</database>
	</source>
	<size>
		<width>159</width>
		<height>240</height>
		<depth>3</depth>
	</size>
	<segmented>0</segmented>
	<object>
		<name>tulip</name>
		<pose>Unspecified</pose>
		<truncated>0</truncated>
		<difficult>0</difficult>
		<bndbox>
			<xmin>27</xmin>
			<ymin>103</ymin>
			<xmax>59</xmax>
			<ymax>146</ymax>
		</bndbox>
	</object>
	<object>
		<name>tulip</name>
		<pose>Unspecified</pose>
		<truncated>0</truncated>
		<difficult>0</difficult>
		<bndbox>
			<xmin>50</xmin>
			<ymin>73</ymin>
			<xmax>72</xmax>
			<ymax>109</ymax>
		</bndbox>
	</object>
	<object>
		<name>tulip</name>
		<pose>Unspecified</pose>
		<truncated>0</truncated>
		<difficult>0</difficult>
		<bndbox>
			<xmin>26</xmin>
			<ymin>51</ymin>
			<xmax>46</xmax>
			<ymax>81</ymax>
		</bndbox>
	</object>
	<object>
		<name>tulip</name>
		<pose>Unspecified</pose>
		<truncated>0</truncated>
		<difficult>0</difficult>
		<bndbox>
			<xmin>49</xmin>
			<ymin>59</ymin>
			<xmax>67</xmax>
			<ymax>93</ymax>
		</bndbox>
	</object>
</annotation>
