<annotation>
	<folder>tulip</folder>
	<filename>14064731501_ea14b58161.jpg</filename>
	<path>C:\Users\surba\Downloads\new_flowers_dataset\tulip\14064731501_ea14b58161.jpg</path>
	<source>
		<database>Unknown</database>
	</source>
	<size>
		<width>500</width>
		<height>333</height>
		<depth>3</depth>
	</size>
	<segmented>0</segmented>
	<object>
		<name>tulip</name>
		<pose>Unspecified</pose>
		<truncated>0</truncated>
		<difficult>0</difficult>
		<bndbox>
			<xmin>132</xmin>
			<ymin>25</ymin>
			<xmax>463</xmax>
			<ymax>325</ymax>
		</bndbox>
	</object>
</annotation>
