<annotation>
	<folder>tulip</folder>
	<filename>14262354955_cc2ab3b112_m.jpg</filename>
	<path>C:\Users\surba\Downloads\new_flowers_dataset\tulip\14262354955_cc2ab3b112_m.jpg</path>
	<source>
		<database>Unknown</database>
	</source>
	<size>
		<width>159</width>
		<height>240</height>
		<depth>3</depth>
	</size>
	<segmented>0</segmented>
	<object>
		<name>tulip</name>
		<pose>Unspecified</pose>
		<truncated>0</truncated>
		<difficult>0</difficult>
		<bndbox>
			<xmin>20</xmin>
			<ymin>5</ymin>
			<xmax>129</xmax>
			<ymax>171</ymax>
		</bndbox>
	</object>
</annotation>
