<annotation>
	<folder>tulip</folder>
	<filename>14270573963_f122c40438.jpg</filename>
	<path>C:\Users\surba\Downloads\new_flowers_dataset\tulip\14270573963_f122c40438.jpg</path>
	<source>
		<database>Unknown</database>
	</source>
	<size>
		<width>500</width>
		<height>270</height>
		<depth>3</depth>
	</size>
	<segmented>0</segmented>
	<object>
		<name>tulip</name>
		<pose>Unspecified</pose>
		<truncated>0</truncated>
		<difficult>0</difficult>
		<bndbox>
			<xmin>153</xmin>
			<ymin>51</ymin>
			<xmax>278</xmax>
			<ymax>173</ymax>
		</bndbox>
	</object>
	<object>
		<name>tulip</name>
		<pose>Unspecified</pose>
		<truncated>0</truncated>
		<difficult>0</difficult>
		<bndbox>
			<xmin>279</xmin>
			<ymin>59</ymin>
			<xmax>411</xmax>
			<ymax>181</ymax>
		</bndbox>
	</object>
</annotation>
