<annotation>
	<folder>tulip</folder>
	<filename>146884869_b1a8fa9c4e_n.jpg</filename>
	<path>C:\Users\surba\Downloads\new_flowers_dataset\tulip\146884869_b1a8fa9c4e_n.jpg</path>
	<source>
		<database>Unknown</database>
	</source>
	<size>
		<width>320</width>
		<height>240</height>
		<depth>3</depth>
	</size>
	<segmented>0</segmented>
	<object>
		<name>tulip</name>
		<pose>Unspecified</pose>
		<truncated>0</truncated>
		<difficult>0</difficult>
		<bndbox>
			<xmin>138</xmin>
			<ymin>46</ymin>
			<xmax>196</xmax>
			<ymax>153</ymax>
		</bndbox>
	</object>
	<object>
		<name>tulip</name>
		<pose>Unspecified</pose>
		<truncated>0</truncated>
		<difficult>0</difficult>
		<bndbox>
			<xmin>207</xmin>
			<ymin>27</ymin>
			<xmax>263</xmax>
			<ymax>133</ymax>
		</bndbox>
	</object>
	<object>
		<name>tulip</name>
		<pose>Unspecified</pose>
		<truncated>0</truncated>
		<difficult>0</difficult>
		<bndbox>
			<xmin>43</xmin>
			<ymin>120</ymin>
			<xmax>101</xmax>
			<ymax>226</ymax>
		</bndbox>
	</object>
</annotation>
