<annotation>
	<folder>tulip</folder>
	<filename>15756524087_823cf86bd8_m.jpg</filename>
	<path>C:\Users\surba\Downloads\new_flowers_dataset\tulip\15756524087_823cf86bd8_m.jpg</path>
	<source>
		<database>Unknown</database>
	</source>
	<size>
		<width>181</width>
		<height>240</height>
		<depth>3</depth>
	</size>
	<segmented>0</segmented>
	<object>
		<name>tulip</name>
		<pose>Unspecified</pose>
		<truncated>0</truncated>
		<difficult>0</difficult>
		<bndbox>
			<xmin>38</xmin>
			<ymin>44</ymin>
			<xmax>63</xmax>
			<ymax>79</ymax>
		</bndbox>
	</object>
	<object>
		<name>tulip</name>
		<pose>Unspecified</pose>
		<truncated>0</truncated>
		<difficult>0</difficult>
		<bndbox>
			<xmin>70</xmin>
			<ymin>47</ymin>
			<xmax>103</xmax>
			<ymax>93</ymax>
		</bndbox>
	</object>
	<object>
		<name>tulip</name>
		<pose>Unspecified</pose>
		<truncated>0</truncated>
		<difficult>0</difficult>
		<bndbox>
			<xmin>101</xmin>
			<ymin>31</ymin>
			<xmax>139</xmax>
			<ymax>101</ymax>
		</bndbox>
	</object>
	<object>
		<name>tulip</name>
		<pose>Unspecified</pose>
		<truncated>0</truncated>
		<difficult>0</difficult>
		<bndbox>
			<xmin>70</xmin>
			<ymin>92</ymin>
			<xmax>108</xmax>
			<ymax>144</ymax>
		</bndbox>
	</object>
</annotation>
