<annotation>
	<folder>daisy</folder>
	<filename>162362897_1d21b70621_m.jpg</filename>
	<path>C:\Users\surba\Downloads\new_flowers_dataset\daisy\162362897_1d21b70621_m.jpg</path>
	<source>
		<database>Unknown</database>
	</source>
	<size>
		<width>221</width>
		<height>240</height>
		<depth>3</depth>
	</size>
	<segmented>0</segmented>
	<object>
		<name>daisy</name>
		<pose>Unspecified</pose>
		<truncated>0</truncated>
		<difficult>0</difficult>
		<bndbox>
			<xmin>113</xmin>
			<ymin>27</ymin>
			<xmax>166</xmax>
			<ymax>59</ymax>
		</bndbox>
	</object>
	<object>
		<name>daisy</name>
		<pose>Unspecified</pose>
		<truncated>0</truncated>
		<difficult>0</difficult>
		<bndbox>
			<xmin>11</xmin>
			<ymin>56</ymin>
			<xmax>209</xmax>
			<ymax>165</ymax>
		</bndbox>
	</object>
</annotation>
