<annotation>
	<folder>sunflower</folder>
	<filename>164670176_9f5b9c7965.jpg</filename>
	<path>C:\Users\surba\Downloads\new_flowers_dataset\sunflower\164670176_9f5b9c7965.jpg</path>
	<source>
		<database>Unknown</database>
	</source>
	<size>
		<width>500</width>
		<height>333</height>
		<depth>3</depth>
	</size>
	<segmented>0</segmented>
	<object>
		<name>sunflower</name>
		<pose>Unspecified</pose>
		<truncated>1</truncated>
		<difficult>0</difficult>
		<bndbox>
			<xmin>1</xmin>
			<ymin>1</ymin>
			<xmax>463</xmax>
			<ymax>329</ymax>
		</bndbox>
	</object>
</annotation>
