<annotation>
	<folder>daisy</folder>
	<filename>16492248512_61a57dfec1_m.jpg</filename>
	<path>C:\Users\surba\Downloads\new_flowers_dataset\daisy\16492248512_61a57dfec1_m.jpg</path>
	<source>
		<database>Unknown</database>
	</source>
	<size>
		<width>182</width>
		<height>240</height>
		<depth>3</depth>
	</size>
	<segmented>0</segmented>
	<object>
		<name>daisy</name>
		<pose>Unspecified</pose>
		<truncated>0</truncated>
		<difficult>0</difficult>
		<bndbox>
			<xmin>11</xmin>
			<ymin>59</ymin>
			<xmax>176</xmax>
			<ymax>205</ymax>
		</bndbox>
	</object>
</annotation>
