<annotation>
	<folder>tulip</folder>
	<filename>16680930777_7e7f292fc5_n.jpg</filename>
	<path>C:\Users\surba\Downloads\new_flowers_dataset\tulip\16680930777_7e7f292fc5_n.jpg</path>
	<source>
		<database>Unknown</database>
	</source>
	<size>
		<width>320</width>
		<height>213</height>
		<depth>3</depth>
	</size>
	<segmented>0</segmented>
	<object>
		<name>tulip</name>
		<pose>Unspecified</pose>
		<truncated>0</truncated>
		<difficult>0</difficult>
		<bndbox>
			<xmin>123</xmin>
			<ymin>91</ymin>
			<xmax>208</xmax>
			<ymax>164</ymax>
		</bndbox>
	</object>
	<object>
		<name>tulip</name>
		<pose>Unspecified</pose>
		<truncated>0</truncated>
		<difficult>0</difficult>
		<bndbox>
			<xmin>200</xmin>
			<ymin>98</ymin>
			<xmax>260</xmax>
			<ymax>155</ymax>
		</bndbox>
	</object>
	<object>
		<name>tulip</name>
		<pose>Unspecified</pose>
		<truncated>1</truncated>
		<difficult>0</difficult>
		<bndbox>
			<xmin>263</xmin>
			<ymin>82</ymin>
			<xmax>320</xmax>
			<ymax>147</ymax>
		</bndbox>
	</object>
</annotation>
