<annotation>
	<folder>tulip</folder>
	<filename>16700863150_ddaa4d89b4_n.jpg</filename>
	<path>C:\Users\surba\Downloads\new_flowers_dataset\tulip\16700863150_ddaa4d89b4_n.jpg</path>
	<source>
		<database>Unknown</database>
	</source>
	<size>
		<width>320</width>
		<height>213</height>
		<depth>3</depth>
	</size>
	<segmented>0</segmented>
	<object>
		<name>tulip</name>
		<pose>Unspecified</pose>
		<truncated>0</truncated>
		<difficult>0</difficult>
		<bndbox>
			<xmin>107</xmin>
			<ymin>83</ymin>
			<xmax>216</xmax>
			<ymax>169</ymax>
		</bndbox>
	</object>
	<object>
		<name>tulip</name>
		<pose>Unspecified</pose>
		<truncated>0</truncated>
		<difficult>0</difficult>
		<bndbox>
			<xmin>29</xmin>
			<ymin>124</ymin>
			<xmax>103</xmax>
			<ymax>196</ymax>
		</bndbox>
	</object>
	<object>
		<name>tulip</name>
		<pose>Unspecified</pose>
		<truncated>0</truncated>
		<difficult>0</difficult>
		<bndbox>
			<xmin>198</xmin>
			<ymin>59</ymin>
			<xmax>283</xmax>
			<ymax>132</ymax>
		</bndbox>
	</object>
</annotation>
