<annotation>
	<folder>daisy</folder>
	<filename>16737503507_431768a927.jpg</filename>
	<path>C:\Users\surba\Downloads\new_flowers_dataset\daisy\16737503507_431768a927.jpg</path>
	<source>
		<database>Unknown</database>
	</source>
	<size>
		<width>500</width>
		<height>333</height>
		<depth>3</depth>
	</size>
	<segmented>0</segmented>
	<object>
		<name>daisy</name>
		<pose>Unspecified</pose>
		<truncated>0</truncated>
		<difficult>0</difficult>
		<bndbox>
			<xmin>78</xmin>
			<ymin>72</ymin>
			<xmax>416</xmax>
			<ymax>267</ymax>
		</bndbox>
	</object>
</annotation>
