<annotation>
	<folder>tulip</folder>
	<filename>17309017866_b6b290b970_n.jpg</filename>
	<path>C:\Users\surba\Downloads\new_flowers_dataset\tulip\17309017866_b6b290b970_n.jpg</path>
	<source>
		<database>Unknown</database>
	</source>
	<size>
		<width>240</width>
		<height>160</height>
		<depth>3</depth>
	</size>
	<segmented>0</segmented>
	<object>
		<name>tulip</name>
		<pose>Unspecified</pose>
		<truncated>0</truncated>
		<difficult>0</difficult>
		<bndbox>
			<xmin>107</xmin>
			<ymin>30</ymin>
			<xmax>141</xmax>
			<ymax>103</ymax>
		</bndbox>
	</object>
	<object>
		<name>tulip</name>
		<pose>Unspecified</pose>
		<truncated>0</truncated>
		<difficult>0</difficult>
		<bndbox>
			<xmin>69</xmin>
			<ymin>59</ymin>
			<xmax>103</xmax>
			<ymax>126</ymax>
		</bndbox>
	</object>
</annotation>
