<annotation>
	<folder>tulip</folder>
	<filename>17994129033_bbd0acba62_n.jpg</filename>
	<path>C:\Users\surba\Downloads\new_flowers_dataset\tulip\17994129033_bbd0acba62_n.jpg</path>
	<source>
		<database>Unknown</database>
	</source>
	<size>
		<width>320</width>
		<height>240</height>
		<depth>3</depth>
	</size>
	<segmented>0</segmented>
	<object>
		<name>tulip</name>
		<pose>Unspecified</pose>
		<truncated>0</truncated>
		<difficult>0</difficult>
		<bndbox>
			<xmin>50</xmin>
			<ymin>64</ymin>
			<xmax>127</xmax>
			<ymax>144</ymax>
		</bndbox>
	</object>
	<object>
		<name>tulip</name>
		<pose>Unspecified</pose>
		<truncated>0</truncated>
		<difficult>0</difficult>
		<bndbox>
			<xmin>173</xmin>
			<ymin>17</ymin>
			<xmax>284</xmax>
			<ymax>126</ymax>
		</bndbox>
	</object>
</annotation>
