<annotation>
	<folder>tulip</folder>
	<filename>18245124970_e68fd3f3c3.jpg</filename>
	<path>C:\Users\surba\Downloads\new_flowers_dataset\tulip\18245124970_e68fd3f3c3.jpg</path>
	<source>
		<database>Unknown</database>
	</source>
	<size>
		<width>500</width>
		<height>333</height>
		<depth>3</depth>
	</size>
	<segmented>0</segmented>
	<object>
		<name>tulip</name>
		<pose>Unspecified</pose>
		<truncated>0</truncated>
		<difficult>0</difficult>
		<bndbox>
			<xmin>241</xmin>
			<ymin>85</ymin>
			<xmax>427</xmax>
			<ymax>271</ymax>
		</bndbox>
	</object>
	<object>
		<name>tulip</name>
		<pose>Unspecified</pose>
		<truncated>0</truncated>
		<difficult>0</difficult>
		<bndbox>
			<xmin>117</xmin>
			<ymin>84</ymin>
			<xmax>270</xmax>
			<ymax>230</ymax>
		</bndbox>
	</object>
</annotation>
