<annotation>
	<folder>daisy</folder>
	<filename>18354545086_693ea7bc2a.jpg</filename>
	<path>C:\Users\surba\Downloads\new_flowers_dataset\daisy\18354545086_693ea7bc2a.jpg</path>
	<source>
		<database>Unknown</database>
	</source>
	<size>
		<width>500</width>
		<height>333</height>
		<depth>3</depth>
	</size>
	<segmented>0</segmented>
	<object>
		<name>daisy</name>
		<pose>Unspecified</pose>
		<truncated>0</truncated>
		<difficult>0</difficult>
		<bndbox>
			<xmin>121</xmin>
			<ymin>68</ymin>
			<xmax>453</xmax>
			<ymax>269</ymax>
		</bndbox>
	</object>
</annotation>
