<annotation>
	<folder>daisy</folder>
	<filename>18684594849_7dd3634f5e_n.jpg</filename>
	<path>C:\Users\surba\Downloads\new_flowers_dataset\daisy\18684594849_7dd3634f5e_n.jpg</path>
	<source>
		<database>Unknown</database>
	</source>
	<size>
		<width>320</width>
		<height>240</height>
		<depth>3</depth>
	</size>
	<segmented>0</segmented>
	<object>
		<name>daisy</name>
		<pose>Unspecified</pose>
		<truncated>0</truncated>
		<difficult>0</difficult>
		<bndbox>
			<xmin>155</xmin>
			<ymin>22</ymin>
			<xmax>214</xmax>
			<ymax>72</ymax>
		</bndbox>
	</object>
	<object>
		<name>daisy</name>
		<pose>Unspecified</pose>
		<truncated>0</truncated>
		<difficult>0</difficult>
		<bndbox>
			<xmin>250</xmin>
			<ymin>81</ymin>
			<xmax>279</xmax>
			<ymax>121</ymax>
		</bndbox>
	</object>
	<object>
		<name>daisy</name>
		<pose>Unspecified</pose>
		<truncated>0</truncated>
		<difficult>0</difficult>
		<bndbox>
			<xmin>164</xmin>
			<ymin>95</ymin>
			<xmax>231</xmax>
			<ymax>151</ymax>
		</bndbox>
	</object>
	<object>
		<name>daisy</name>
		<pose>Unspecified</pose>
		<truncated>0</truncated>
		<difficult>0</difficult>
		<bndbox>
			<xmin>79</xmin>
			<ymin>163</ymin>
			<xmax>141</xmax>
			<ymax>220</ymax>
		</bndbox>
	</object>
</annotation>
