<annotation>
	<folder>sunflower</folder>
	<filename>18766965343_9f42d4bedc_m.jpg</filename>
	<path>C:\Users\surba\Downloads\new_flowers_dataset\sunflower\18766965343_9f42d4bedc_m.jpg</path>
	<source>
		<database>Unknown</database>
	</source>
	<size>
		<width>240</width>
		<height>240</height>
		<depth>3</depth>
	</size>
	<segmented>0</segmented>
	<object>
		<name>sunflower</name>
		<pose>Unspecified</pose>
		<truncated>1</truncated>
		<difficult>0</difficult>
		<bndbox>
			<xmin>158</xmin>
			<ymin>105</ymin>
			<xmax>240</xmax>
			<ymax>232</ymax>
		</bndbox>
	</object>
	<object>
		<name>sunflower</name>
		<pose>Unspecified</pose>
		<truncated>1</truncated>
		<difficult>0</difficult>
		<bndbox>
			<xmin>1</xmin>
			<ymin>68</ymin>
			<xmax>164</xmax>
			<ymax>221</ymax>
		</bndbox>
	</object>
</annotation>
