<annotation>
	<folder>sunflower</folder>
	<filename>19508264965_d1dfb565ea_n.jpg</filename>
	<path>C:\Users\surba\Downloads\new_flowers_dataset\sunflower\19508264965_d1dfb565ea_n.jpg</path>
	<source>
		<database>Unknown</database>
	</source>
	<size>
		<width>320</width>
		<height>200</height>
		<depth>3</depth>
	</size>
	<segmented>0</segmented>
	<object>
		<name>sunflower</name>
		<pose>Unspecified</pose>
		<truncated>0</truncated>
		<difficult>0</difficult>
		<bndbox>
			<xmin>54</xmin>
			<ymin>7</ymin>
			<xmax>240</xmax>
			<ymax>192</ymax>
		</bndbox>
	</object>
</annotation>
