<annotation>
	<folder>daisy</folder>
	<filename>19865728236_a62f8f445b_n.jpg</filename>
	<path>C:\Users\surba\Downloads\new_flowers_dataset\daisy\19865728236_a62f8f445b_n.jpg</path>
	<source>
		<database>Unknown</database>
	</source>
	<size>
		<width>320</width>
		<height>240</height>
		<depth>3</depth>
	</size>
	<segmented>0</segmented>
	<object>
		<name>daisy</name>
		<pose>Unspecified</pose>
		<truncated>0</truncated>
		<difficult>0</difficult>
		<bndbox>
			<xmin>33</xmin>
			<ymin>35</ymin>
			<xmax>264</xmax>
			<ymax>188</ymax>
		</bndbox>
	</object>
</annotation>
