<annotation>
	<folder>tulip</folder>
	<filename>19892369060_d1298a9816_n.jpg</filename>
	<path>C:\Users\surba\Downloads\new_flowers_dataset\tulip\19892369060_d1298a9816_n.jpg</path>
	<source>
		<database>Unknown</database>
	</source>
	<size>
		<width>134</width>
		<height>240</height>
		<depth>3</depth>
	</size>
	<segmented>0</segmented>
	<object>
		<name>tulip</name>
		<pose>Unspecified</pose>
		<truncated>0</truncated>
		<difficult>0</difficult>
		<bndbox>
			<xmin>18</xmin>
			<ymin>71</ymin>
			<xmax>112</xmax>
			<ymax>170</ymax>
		</bndbox>
	</object>
</annotation>
