<annotation>
	<folder>sunflower</folder>
	<filename>20078409301_aa8061bd0b_n.jpg</filename>
	<path>C:\Users\surba\Downloads\new_flowers_dataset\sunflower\20078409301_aa8061bd0b_n.jpg</path>
	<source>
		<database>Unknown</database>
	</source>
	<size>
		<width>320</width>
		<height>200</height>
		<depth>3</depth>
	</size>
	<segmented>0</segmented>
	<object>
		<name>sunflower</name>
		<pose>Unspecified</pose>
		<truncated>0</truncated>
		<difficult>0</difficult>
		<bndbox>
			<xmin>104</xmin>
			<ymin>33</ymin>
			<xmax>259</xmax>
			<ymax>195</ymax>
		</bndbox>
	</object>
</annotation>
