<annotation>
	<folder>sunflower</folder>
	<filename>20407896403_a50fef58ac_n.jpg</filename>
	<path>C:\Users\surba\Downloads\new_flowers_dataset\sunflower\20407896403_a50fef58ac_n.jpg</path>
	<source>
		<database>Unknown</database>
	</source>
	<size>
		<width>320</width>
		<height>240</height>
		<depth>3</depth>
	</size>
	<segmented>0</segmented>
	<object>
		<name>sunflower</name>
		<pose>Unspecified</pose>
		<truncated>0</truncated>
		<difficult>0</difficult>
		<bndbox>
			<xmin>68</xmin>
			<ymin>10</ymin>
			<xmax>289</xmax>
			<ymax>235</ymax>
		</bndbox>
	</object>
</annotation>
