<annotation>
	<folder>tulip</folder>
	<filename>20742669999_53de71a4c9_n.jpg</filename>
	<path>C:\Users\surba\Downloads\new_flowers_dataset\tulip\20742669999_53de71a4c9_n.jpg</path>
	<source>
		<database>Unknown</database>
	</source>
	<size>
		<width>134</width>
		<height>240</height>
		<depth>3</depth>
	</size>
	<segmented>0</segmented>
	<object>
		<name>tulip</name>
		<pose>Unspecified</pose>
		<truncated>0</truncated>
		<difficult>0</difficult>
		<bndbox>
			<xmin>28</xmin>
			<ymin>26</ymin>
			<xmax>118</xmax>
			<ymax>164</ymax>
		</bndbox>
	</object>
</annotation>
