<annotation>
	<folder>daisy</folder>
	<filename>2346726545_2ebce2b2a6.jpg</filename>
	<path>C:\Users\surba\Downloads\new_flowers_dataset\daisy\2346726545_2ebce2b2a6.jpg</path>
	<source>
		<database>Unknown</database>
	</source>
	<size>
		<width>500</width>
		<height>333</height>
		<depth>3</depth>
	</size>
	<segmented>0</segmented>
	<object>
		<name>daisy</name>
		<pose>Unspecified</pose>
		<truncated>0</truncated>
		<difficult>0</difficult>
		<bndbox>
			<xmin>22</xmin>
			<ymin>4</ymin>
			<xmax>497</xmax>
			<ymax>330</ymax>
		</bndbox>
	</object>
</annotation>
