<annotation>
	<folder>daisy</folder>
	<filename>2408024540_37f0be7cc0_n.jpg</filename>
	<path>C:\Users\surba\Downloads\new_flowers_dataset\daisy\2408024540_37f0be7cc0_n.jpg</path>
	<source>
		<database>Unknown</database>
	</source>
	<size>
		<width>320</width>
		<height>244</height>
		<depth>3</depth>
	</size>
	<segmented>0</segmented>
	<object>
		<name>daisy</name>
		<pose>Unspecified</pose>
		<truncated>0</truncated>
		<difficult>0</difficult>
		<bndbox>
			<xmin>10</xmin>
			<ymin>43</ymin>
			<xmax>300</xmax>
			<ymax>201</ymax>
		</bndbox>
	</object>
</annotation>
