<annotation>
	<folder>daisy</folder>
	<filename>2476937534_21b285aa46_n.jpg</filename>
	<path>C:\Users\surba\Downloads\new_flowers_dataset\daisy\2476937534_21b285aa46_n.jpg</path>
	<source>
		<database>Unknown</database>
	</source>
	<size>
		<width>320</width>
		<height>246</height>
		<depth>3</depth>
	</size>
	<segmented>0</segmented>
	<object>
		<name>daisy</name>
		<pose>Unspecified</pose>
		<truncated>0</truncated>
		<difficult>0</difficult>
		<bndbox>
			<xmin>4</xmin>
			<ymin>18</ymin>
			<xmax>165</xmax>
			<ymax>169</ymax>
		</bndbox>
	</object>
</annotation>
