<annotation>
	<folder>dandelion</folder>
	<filename>2479491210_98e41c4e7d_m.jpg</filename>
	<path>C:\Users\surba\Downloads\new_flowers_dataset\dandelion\2479491210_98e41c4e7d_m.jpg</path>
	<source>
		<database>Unknown</database>
	</source>
	<size>
		<width>180</width>
		<height>240</height>
		<depth>3</depth>
	</size>
	<segmented>0</segmented>
	<object>
		<name>dandelion_white</name>
		<pose>Unspecified</pose>
		<truncated>0</truncated>
		<difficult>0</difficult>
		<bndbox>
			<xmin>50</xmin>
			<ymin>39</ymin>
			<xmax>134</xmax>
			<ymax>112</ymax>
		</bndbox>
	</object>
</annotation>
