<annotation>
	<folder>dandelion</folder>
	<filename>2497301920_91490c42c0.jpg</filename>
	<path>C:\Users\surba\Downloads\new_flowers_dataset\dandelion\2497301920_91490c42c0.jpg</path>
	<source>
		<database>Unknown</database>
	</source>
	<size>
		<width>500</width>
		<height>359</height>
		<depth>3</depth>
	</size>
	<segmented>0</segmented>
	<object>
		<name>dandelion_white</name>
		<pose>Unspecified</pose>
		<truncated>0</truncated>
		<difficult>0</difficult>
		<bndbox>
			<xmin>146</xmin>
			<ymin>71</ymin>
			<xmax>309</xmax>
			<ymax>224</ymax>
		</bndbox>
	</object>
</annotation>
