<annotation>
	<folder>dandelion</folder>
	<filename>2538797744_deb53ac253.jpg</filename>
	<path>C:\Users\surba\Downloads\new_flowers_dataset\dandelion\2538797744_deb53ac253.jpg</path>
	<source>
		<database>Unknown</database>
	</source>
	<size>
		<width>500</width>
		<height>333</height>
		<depth>3</depth>
	</size>
	<segmented>0</segmented>
	<object>
		<name>dandelion_white</name>
		<pose>Unspecified</pose>
		<truncated>0</truncated>
		<difficult>0</difficult>
		<bndbox>
			<xmin>141</xmin>
			<ymin>77</ymin>
			<xmax>356</xmax>
			<ymax>253</ymax>
		</bndbox>
	</object>
</annotation>
