<annotation>
	<folder>daisy</folder>
	<filename>2579018590_74359dcf1a_m.jpg</filename>
	<path>C:\Users\surba\Downloads\new_flowers_dataset\daisy\2579018590_74359dcf1a_m.jpg</path>
	<source>
		<database>Unknown</database>
	</source>
	<size>
		<width>182</width>
		<height>240</height>
		<depth>3</depth>
	</size>
	<segmented>0</segmented>
	<object>
		<name>daisy</name>
		<pose>Unspecified</pose>
		<truncated>0</truncated>
		<difficult>0</difficult>
		<bndbox>
			<xmin>16</xmin>
			<ymin>103</ymin>
			<xmax>175</xmax>
			<ymax>167</ymax>
		</bndbox>
	</object>
</annotation>
