<annotation>
	<folder>dandelion</folder>
	<filename>2637883118_cf6ce37be4_n.jpg</filename>
	<path>C:\Users\surba\Downloads\new_flowers_dataset\dandelion\2637883118_cf6ce37be4_n.jpg</path>
	<source>
		<database>Unknown</database>
	</source>
	<size>
		<width>320</width>
		<height>240</height>
		<depth>3</depth>
	</size>
	<segmented>0</segmented>
	<object>
		<name>dandelion_yellow</name>
		<pose>Unspecified</pose>
		<truncated>0</truncated>
		<difficult>0</difficult>
		<bndbox>
			<xmin>112</xmin>
			<ymin>77</ymin>
			<xmax>205</xmax>
			<ymax>162</ymax>
		</bndbox>
	</object>
</annotation>
