<annotation>
	<folder>dandelion</folder>
	<filename>2670304799_a3f2eef516_m.jpg</filename>
	<path>C:\Users\surba\Downloads\new_flowers_dataset\dandelion\2670304799_a3f2eef516_m.jpg</path>
	<source>
		<database>Unknown</database>
	</source>
	<size>
		<width>168</width>
		<height>240</height>
		<depth>3</depth>
	</size>
	<segmented>0</segmented>
	<object>
		<name>dandelion_white</name>
		<pose>Unspecified</pose>
		<truncated>0</truncated>
		<difficult>0</difficult>
		<bndbox>
			<xmin>52</xmin>
			<ymin>98</ymin>
			<xmax>127</xmax>
			<ymax>168</ymax>
		</bndbox>
	</object>
</annotation>
