<annotation>
	<folder>dandelion</folder>
	<filename>26741270544_f44f3a1b19_n.jpg</filename>
	<path>C:\Users\surba\Downloads\new_flowers_dataset\dandelion\26741270544_f44f3a1b19_n.jpg</path>
	<source>
		<database>Unknown</database>
	</source>
	<size>
		<width>240</width>
		<height>180</height>
		<depth>3</depth>
	</size>
	<segmented>0</segmented>
	<object>
		<name>dandelion_white</name>
		<pose>Unspecified</pose>
		<truncated>0</truncated>
		<difficult>0</difficult>
		<bndbox>
			<xmin>101</xmin>
			<ymin>57</ymin>
			<xmax>151</xmax>
			<ymax>101</ymax>
		</bndbox>
	</object>
</annotation>
