<annotation>
	<folder>dandelion</folder>
	<filename>2693136371_dde2570813.jpg</filename>
	<path>C:\Users\surba\Downloads\new_flowers_dataset\dandelion\2693136371_dde2570813.jpg</path>
	<source>
		<database>Unknown</database>
	</source>
	<size>
		<width>500</width>
		<height>271</height>
		<depth>3</depth>
	</size>
	<segmented>0</segmented>
	<object>
		<name>dandelion_yellow</name>
		<pose>Unspecified</pose>
		<truncated>0</truncated>
		<difficult>0</difficult>
		<bndbox>
			<xmin>158</xmin>
			<ymin>47</ymin>
			<xmax>382</xmax>
			<ymax>234</ymax>
		</bndbox>
	</object>
</annotation>
