<annotation>
	<folder>dandelion</folder>
	<filename>29535628436_2e79a9628d_n.jpg</filename>
	<path>C:\Users\surba\Downloads\new_flowers_dataset\dandelion\29535628436_2e79a9628d_n.jpg</path>
	<source>
		<database>Unknown</database>
	</source>
	<size>
		<width>240</width>
		<height>159</height>
		<depth>3</depth>
	</size>
	<segmented>0</segmented>
	<object>
		<name>dandelion_white</name>
		<pose>Unspecified</pose>
		<truncated>0</truncated>
		<difficult>0</difficult>
		<bndbox>
			<xmin>63</xmin>
			<ymin>20</ymin>
			<xmax>157</xmax>
			<ymax>112</ymax>
		</bndbox>
	</object>
</annotation>
