<annotation>
	<folder>daisy</folder>
	<filename>3379332157_04724f6480.jpg</filename>
	<path>C:\Users\surba\Downloads\new_flowers_dataset\daisy\3379332157_04724f6480.jpg</path>
	<source>
		<database>Unknown</database>
	</source>
	<size>
		<width>500</width>
		<height>327</height>
		<depth>3</depth>
	</size>
	<segmented>0</segmented>
	<object>
		<name>daisy</name>
		<pose>Unspecified</pose>
		<truncated>0</truncated>
		<difficult>0</difficult>
		<bndbox>
			<xmin>79</xmin>
			<ymin>74</ymin>
			<xmax>281</xmax>
			<ymax>237</ymax>
		</bndbox>
	</object>
</annotation>
