<annotation>
	<folder>daisy</folder>
	<filename>33838292353_8b143f7980_n.jpg</filename>
	<path>C:\Users\surba\Downloads\new_flowers_dataset\daisy\33838292353_8b143f7980_n.jpg</path>
	<source>
		<database>Unknown</database>
	</source>
	<size>
		<width>240</width>
		<height>180</height>
		<depth>3</depth>
	</size>
	<segmented>0</segmented>
	<object>
		<name>daisy</name>
		<pose>Unspecified</pose>
		<truncated>0</truncated>
		<difficult>0</difficult>
		<bndbox>
			<xmin>75</xmin>
			<ymin>35</ymin>
			<xmax>174</xmax>
			<ymax>133</ymax>
		</bndbox>
	</object>
</annotation>
