<annotation>
	<folder>dandelion</folder>
	<filename>33857574164_b0b724b567_n.jpg</filename>
	<path>C:\Users\surba\Downloads\new_flowers_dataset\dandelion\33857574164_b0b724b567_n.jpg</path>
	<source>
		<database>Unknown</database>
	</source>
	<size>
		<width>240</width>
		<height>159</height>
		<depth>3</depth>
	</size>
	<segmented>0</segmented>
	<object>
		<name>dandelion_white</name>
		<pose>Unspecified</pose>
		<truncated>0</truncated>
		<difficult>0</difficult>
		<bndbox>
			<xmin>55</xmin>
			<ymin>12</ymin>
			<xmax>200</xmax>
			<ymax>151</ymax>
		</bndbox>
	</object>
</annotation>
