<annotation>
	<folder>daisy</folder>
	<filename>33874126263_3f6f965784_n.jpg</filename>
	<path>C:\Users\surba\Downloads\new_flowers_dataset\daisy\33874126263_3f6f965784_n.jpg</path>
	<source>
		<database>Unknown</database>
	</source>
	<size>
		<width>240</width>
		<height>192</height>
		<depth>3</depth>
	</size>
	<segmented>0</segmented>
	<object>
		<name>daisy</name>
		<pose>Unspecified</pose>
		<truncated>0</truncated>
		<difficult>0</difficult>
		<bndbox>
			<xmin>32</xmin>
			<ymin>36</ymin>
			<xmax>132</xmax>
			<ymax>129</ymax>
		</bndbox>
	</object>
	<object>
		<name>daisy</name>
		<pose>Unspecified</pose>
		<truncated>0</truncated>
		<difficult>0</difficult>
		<bndbox>
			<xmin>111</xmin>
			<ymin>54</ymin>
			<xmax>200</xmax>
			<ymax>143</ymax>
		</bndbox>
	</object>
</annotation>
