<annotation>
	<folder>daisy</folder>
	<filename>33891703033_822f7810ce_n.jpg</filename>
	<path>C:\Users\surba\Downloads\new_flowers_dataset\daisy\33891703033_822f7810ce_n.jpg</path>
	<source>
		<database>Unknown</database>
	</source>
	<size>
		<width>240</width>
		<height>165</height>
		<depth>3</depth>
	</size>
	<segmented>0</segmented>
	<object>
		<name>daisy</name>
		<pose>Unspecified</pose>
		<truncated>0</truncated>
		<difficult>0</difficult>
		<bndbox>
			<xmin>28</xmin>
			<ymin>13</ymin>
			<xmax>85</xmax>
			<ymax>58</ymax>
		</bndbox>
	</object>
	<object>
		<name>daisy</name>
		<pose>Unspecified</pose>
		<truncated>0</truncated>
		<difficult>0</difficult>
		<bndbox>
			<xmin>97</xmin>
			<ymin>17</ymin>
			<xmax>167</xmax>
			<ymax>71</ymax>
		</bndbox>
	</object>
	<object>
		<name>daisy</name>
		<pose>Unspecified</pose>
		<truncated>0</truncated>
		<difficult>0</difficult>
		<bndbox>
			<xmin>163</xmin>
			<ymin>56</ymin>
			<xmax>225</xmax>
			<ymax>107</ymax>
		</bndbox>
	</object>
	<object>
		<name>daisy</name>
		<pose>Unspecified</pose>
		<truncated>0</truncated>
		<difficult>0</difficult>
		<bndbox>
			<xmin>25</xmin>
			<ymin>57</ymin>
			<xmax>89</xmax>
			<ymax>114</ymax>
		</bndbox>
	</object>
	<object>
		<name>daisy</name>
		<pose>Unspecified</pose>
		<truncated>0</truncated>
		<difficult>0</difficult>
		<bndbox>
			<xmin>61</xmin>
			<ymin>123</ymin>
			<xmax>110</xmax>
			<ymax>147</ymax>
		</bndbox>
	</object>
</annotation>
