<annotation>
	<folder>dandelion</folder>
	<filename>33909432943_bf810400b7_n.jpg</filename>
	<path>C:\Users\surba\Downloads\new_flowers_dataset\dandelion\33909432943_bf810400b7_n.jpg</path>
	<source>
		<database>Unknown</database>
	</source>
	<size>
		<width>240</width>
		<height>159</height>
		<depth>3</depth>
	</size>
	<segmented>0</segmented>
	<object>
		<name>dandelion_white</name>
		<pose>Unspecified</pose>
		<truncated>0</truncated>
		<difficult>0</difficult>
		<bndbox>
			<xmin>44</xmin>
			<ymin>18</ymin>
			<xmax>131</xmax>
			<ymax>93</ymax>
		</bndbox>
	</object>
</annotation>
