<annotation>
	<folder>dandelion</folder>
	<filename>34323645656_afd53a9996_n.jpg</filename>
	<path>C:\Users\surba\Downloads\new_flowers_dataset\dandelion\34323645656_afd53a9996_n.jpg</path>
	<source>
		<database>Unknown</database>
	</source>
	<size>
		<width>240</width>
		<height>180</height>
		<depth>3</depth>
	</size>
	<segmented>0</segmented>
	<object>
		<name>dandelion_yellow</name>
		<pose>Unspecified</pose>
		<truncated>0</truncated>
		<difficult>0</difficult>
		<bndbox>
			<xmin>2</xmin>
			<ymin>38</ymin>
			<xmax>154</xmax>
			<ymax>146</ymax>
		</bndbox>
	</object>
</annotation>
