<annotation>
	<folder>dandelion</folder>
	<filename>34335240590_41e4a393db_n.jpg</filename>
	<path>C:\Users\surba\Downloads\new_flowers_dataset\dandelion\34335240590_41e4a393db_n.jpg</path>
	<source>
		<database>Unknown</database>
	</source>
	<size>
		<width>202</width>
		<height>240</height>
		<depth>3</depth>
	</size>
	<segmented>0</segmented>
	<object>
		<name>dandelion_white</name>
		<pose>Unspecified</pose>
		<truncated>0</truncated>
		<difficult>0</difficult>
		<bndbox>
			<xmin>53</xmin>
			<ymin>17</ymin>
			<xmax>184</xmax>
			<ymax>145</ymax>
		</bndbox>
	</object>
</annotation>
