<annotation>
	<folder>daisy</folder>
	<filename>34539556222_f7ba32f704_n.jpg</filename>
	<path>C:\Users\surba\Downloads\new_flowers_dataset\daisy\34539556222_f7ba32f704_n.jpg</path>
	<source>
		<database>Unknown</database>
	</source>
	<size>
		<width>240</width>
		<height>159</height>
		<depth>3</depth>
	</size>
	<segmented>0</segmented>
	<object>
		<name>daisy</name>
		<pose>Unspecified</pose>
		<truncated>0</truncated>
		<difficult>0</difficult>
		<bndbox>
			<xmin>60</xmin>
			<ymin>20</ymin>
			<xmax>96</xmax>
			<ymax>35</ymax>
		</bndbox>
	</object>
	<object>
		<name>daisy</name>
		<pose>Unspecified</pose>
		<truncated>0</truncated>
		<difficult>0</difficult>
		<bndbox>
			<xmin>166</xmin>
			<ymin>38</ymin>
			<xmax>196</xmax>
			<ymax>72</ymax>
		</bndbox>
	</object>
	<object>
		<name>daisy</name>
		<pose>Unspecified</pose>
		<truncated>0</truncated>
		<difficult>0</difficult>
		<bndbox>
			<xmin>115</xmin>
			<ymin>90</ymin>
			<xmax>158</xmax>
			<ymax>124</ymax>
		</bndbox>
	</object>
	<object>
		<name>daisy</name>
		<pose>Unspecified</pose>
		<truncated>0</truncated>
		<difficult>0</difficult>
		<bndbox>
			<xmin>32</xmin>
			<ymin>102</ymin>
			<xmax>67</xmax>
			<ymax>140</ymax>
		</bndbox>
	</object>
	<object>
		<name>daisy</name>
		<pose>Unspecified</pose>
		<truncated>0</truncated>
		<difficult>0</difficult>
		<bndbox>
			<xmin>74</xmin>
			<ymin>132</ymin>
			<xmax>111</xmax>
			<ymax>158</ymax>
		</bndbox>
	</object>
</annotation>
