<annotation>
	<folder>dandelion</folder>
	<filename>34562659841_caba988a0c_n.jpg</filename>
	<path>C:\Users\surba\Downloads\new_flowers_dataset\dandelion\34562659841_caba988a0c_n.jpg</path>
	<source>
		<database>Unknown</database>
	</source>
	<size>
		<width>240</width>
		<height>160</height>
		<depth>3</depth>
	</size>
	<segmented>0</segmented>
	<object>
		<name>dandelion_yellow</name>
		<pose>Unspecified</pose>
		<truncated>0</truncated>
		<difficult>0</difficult>
		<bndbox>
			<xmin>7</xmin>
			<ymin>11</ymin>
			<xmax>219</xmax>
			<ymax>149</ymax>
		</bndbox>
	</object>
</annotation>
