<annotation>
	<folder>sunflower</folder>
	<filename>34572755322_b43e90cae2_n.jpg</filename>
	<path>C:\Users\surba\Downloads\new_flowers_dataset\sunflower\34572755322_b43e90cae2_n.jpg</path>
	<source>
		<database>Unknown</database>
	</source>
	<size>
		<width>240</width>
		<height>160</height>
		<depth>3</depth>
	</size>
	<segmented>0</segmented>
	<object>
		<name>sunflower</name>
		<pose>Unspecified</pose>
		<truncated>1</truncated>
		<difficult>0</difficult>
		<bndbox>
			<xmin>6</xmin>
			<ymin>14</ymin>
			<xmax>209</xmax>
			<ymax>160</ymax>
		</bndbox>
	</object>
</annotation>
