<annotation>
	<folder>dandelion</folder>
	<filename>34587934371_1a0429111e_n.jpg</filename>
	<path>C:\Users\surba\Downloads\new_flowers_dataset\dandelion\34587934371_1a0429111e_n.jpg</path>
	<source>
		<database>Unknown</database>
	</source>
	<size>
		<width>240</width>
		<height>180</height>
		<depth>3</depth>
	</size>
	<segmented>0</segmented>
	<object>
		<name>dandelion_white</name>
		<pose>Unspecified</pose>
		<truncated>0</truncated>
		<difficult>0</difficult>
		<bndbox>
			<xmin>91</xmin>
			<ymin>46</ymin>
			<xmax>150</xmax>
			<ymax>99</ymax>
		</bndbox>
	</object>
</annotation>
