<annotation>
	<folder>daisy</folder>
	<filename>34590677231_0ed33ccd55_n.jpg</filename>
	<path>C:\Users\surba\Downloads\new_flowers_dataset\daisy\34590677231_0ed33ccd55_n.jpg</path>
	<source>
		<database>Unknown</database>
	</source>
	<size>
		<width>240</width>
		<height>164</height>
		<depth>3</depth>
	</size>
	<segmented>0</segmented>
	<object>
		<name>daisy</name>
		<pose>Unspecified</pose>
		<truncated>0</truncated>
		<difficult>0</difficult>
		<bndbox>
			<xmin>77</xmin>
			<ymin>35</ymin>
			<xmax>228</xmax>
			<ymax>131</ymax>
		</bndbox>
	</object>
</annotation>
