<annotation>
	<folder>dandelion</folder>
	<filename>34604803411_99956ac67a_n.jpg</filename>
	<path>C:\Users\surba\Downloads\new_flowers_dataset\dandelion\34604803411_99956ac67a_n.jpg</path>
	<source>
		<database>Unknown</database>
	</source>
	<size>
		<width>240</width>
		<height>165</height>
		<depth>3</depth>
	</size>
	<segmented>0</segmented>
	<object>
		<name>dandelion_yellow</name>
		<pose>Unspecified</pose>
		<truncated>0</truncated>
		<difficult>0</difficult>
		<bndbox>
			<xmin>13</xmin>
			<ymin>15</ymin>
			<xmax>226</xmax>
			<ymax>150</ymax>
		</bndbox>
	</object>
</annotation>
