<annotation>
	<folder>daisy</folder>
	<filename>34611565966_9de274f987_n.jpg</filename>
	<path>C:\Users\surba\Downloads\new_flowers_dataset\daisy\34611565966_9de274f987_n.jpg</path>
	<source>
		<database>Unknown</database>
	</source>
	<size>
		<width>240</width>
		<height>134</height>
		<depth>3</depth>
	</size>
	<segmented>0</segmented>
	<object>
		<name>daisy</name>
		<pose>Unspecified</pose>
		<truncated>0</truncated>
		<difficult>0</difficult>
		<bndbox>
			<xmin>124</xmin>
			<ymin>59</ymin>
			<xmax>213</xmax>
			<ymax>123</ymax>
		</bndbox>
	</object>
</annotation>
