<annotation>
	<folder>daisy</folder>
	<filename>34637394046_f85541735d_n.jpg</filename>
	<path>C:\Users\surba\Downloads\new_flowers_dataset\daisy\34637394046_f85541735d_n.jpg</path>
	<source>
		<database>Unknown</database>
	</source>
	<size>
		<width>240</width>
		<height>159</height>
		<depth>3</depth>
	</size>
	<segmented>0</segmented>
	<object>
		<name>daisy</name>
		<pose>Unspecified</pose>
		<truncated>0</truncated>
		<difficult>0</difficult>
		<bndbox>
			<xmin>4</xmin>
			<ymin>10</ymin>
			<xmax>210</xmax>
			<ymax>152</ymax>
		</bndbox>
	</object>
</annotation>
