<annotation>
	<folder>daisy</folder>
	<filename>34670512115_af22cce24d_n.jpg</filename>
	<path>C:\Users\surba\Downloads\new_flowers_dataset\daisy\34670512115_af22cce24d_n.jpg</path>
	<source>
		<database>Unknown</database>
	</source>
	<size>
		<width>159</width>
		<height>240</height>
		<depth>3</depth>
	</size>
	<segmented>0</segmented>
	<object>
		<name>daisy</name>
		<pose>Unspecified</pose>
		<truncated>1</truncated>
		<difficult>0</difficult>
		<bndbox>
			<xmin>1</xmin>
			<ymin>100</ymin>
			<xmax>50</xmax>
			<ymax>172</ymax>
		</bndbox>
	</object>
	<object>
		<name>daisy</name>
		<pose>Unspecified</pose>
		<truncated>0</truncated>
		<difficult>0</difficult>
		<bndbox>
			<xmin>19</xmin>
			<ymin>49</ymin>
			<xmax>155</xmax>
			<ymax>132</ymax>
		</bndbox>
	</object>
</annotation>
