<annotation>
	<folder>dandelion</folder>
	<filename>34719559905_46ba779d79_n.jpg</filename>
	<path>C:\Users\surba\Downloads\new_flowers_dataset\dandelion\34719559905_46ba779d79_n.jpg</path>
	<source>
		<database>Unknown</database>
	</source>
	<size>
		<width>240</width>
		<height>180</height>
		<depth>3</depth>
	</size>
	<segmented>0</segmented>
	<object>
		<name>dandelion_white</name>
		<pose>Unspecified</pose>
		<truncated>0</truncated>
		<difficult>0</difficult>
		<bndbox>
			<xmin>84</xmin>
			<ymin>50</ymin>
			<xmax>159</xmax>
			<ymax>115</ymax>
		</bndbox>
	</object>
</annotation>
