<annotation>
	<folder>daisy</folder>
	<filename>34727863665_b00ac77266_n.jpg</filename>
	<path>C:\Users\surba\Downloads\new_flowers_dataset\daisy\34727863665_b00ac77266_n.jpg</path>
	<source>
		<database>Unknown</database>
	</source>
	<size>
		<width>240</width>
		<height>159</height>
		<depth>3</depth>
	</size>
	<segmented>0</segmented>
	<object>
		<name>daisy</name>
		<pose>Unspecified</pose>
		<truncated>1</truncated>
		<difficult>0</difficult>
		<bndbox>
			<xmin>172</xmin>
			<ymin>1</ymin>
			<xmax>227</xmax>
			<ymax>23</ymax>
		</bndbox>
	</object>
	<object>
		<name>daisy</name>
		<pose>Unspecified</pose>
		<truncated>0</truncated>
		<difficult>0</difficult>
		<bndbox>
			<xmin>76</xmin>
			<ymin>70</ymin>
			<xmax>162</xmax>
			<ymax>139</ymax>
		</bndbox>
	</object>
</annotation>
