<annotation>
	<folder>dandelion</folder>
	<filename>34725992285_21cb05733a_n.jpg</filename>
	<path>C:\Users\surba\Downloads\new_flowers_dataset\dandelion\34725992285_21cb05733a_n.jpg</path>
	<source>
		<database>Unknown</database>
	</source>
	<size>
		<width>240</width>
		<height>192</height>
		<depth>3</depth>
	</size>
	<segmented>0</segmented>
	<object>
		<name>dandelion_yellow</name>
		<pose>Unspecified</pose>
		<truncated>0</truncated>
		<difficult>0</difficult>
		<bndbox>
			<xmin>90</xmin>
			<ymin>100</ymin>
			<xmax>234</xmax>
			<ymax>191</ymax>
		</bndbox>
	</object>
</annotation>
