<annotation>
	<folder>daisy</folder>
	<filename>34729724865_787c98299d_n.jpg</filename>
	<path>C:\Users\surba\Downloads\new_flowers_dataset\daisy\34729724865_787c98299d_n.jpg</path>
	<source>
		<database>Unknown</database>
	</source>
	<size>
		<width>240</width>
		<height>159</height>
		<depth>3</depth>
	</size>
	<segmented>0</segmented>
	<object>
		<name>daisy</name>
		<pose>Unspecified</pose>
		<truncated>0</truncated>
		<difficult>0</difficult>
		<bndbox>
			<xmin>26</xmin>
			<ymin>36</ymin>
			<xmax>220</xmax>
			<ymax>127</ymax>
		</bndbox>
	</object>
</annotation>
