<annotation>
	<folder>rose</folder>
	<filename>3500121696_5b6a69effb_n.jpg</filename>
	<path>C:\Users\surba\Downloads\new_flowers_dataset\rose\3500121696_5b6a69effb_n.jpg</path>
	<source>
		<database>Unknown</database>
	</source>
	<size>
		<width>320</width>
		<height>240</height>
		<depth>3</depth>
	</size>
	<segmented>0</segmented>
	<object>
		<name>rose</name>
		<pose>Unspecified</pose>
		<truncated>0</truncated>
		<difficult>0</difficult>
		<bndbox>
			<xmin>87</xmin>
			<ymin>14</ymin>
			<xmax>281</xmax>
			<ymax>192</ymax>
		</bndbox>
	</object>
</annotation>
