<annotation>
	<folder>dandelion</folder>
	<filename>3502447188_ab4a5055ac_m.jpg</filename>
	<path>C:\Users\surba\Downloads\new_flowers_dataset\dandelion\3502447188_ab4a5055ac_m.jpg</path>
	<source>
		<database>Unknown</database>
	</source>
	<size>
		<width>172</width>
		<height>240</height>
		<depth>3</depth>
	</size>
	<segmented>0</segmented>
	<object>
		<name>dandelion_yellow</name>
		<pose>Unspecified</pose>
		<truncated>0</truncated>
		<difficult>0</difficult>
		<bndbox>
			<xmin>18</xmin>
			<ymin>82</ymin>
			<xmax>159</xmax>
			<ymax>161</ymax>
		</bndbox>
	</object>
</annotation>
