<annotation>
	<folder>dandelion</folder>
	<filename>3509307596_6cfe97867d_n.jpg</filename>
	<path>C:\Users\surba\Downloads\new_flowers_dataset\dandelion\3509307596_6cfe97867d_n.jpg</path>
	<source>
		<database>Unknown</database>
	</source>
	<size>
		<width>320</width>
		<height>213</height>
		<depth>3</depth>
	</size>
	<segmented>0</segmented>
	<object>
		<name>dandelion_yellow</name>
		<pose>Unspecified</pose>
		<truncated>1</truncated>
		<difficult>0</difficult>
		<bndbox>
			<xmin>156</xmin>
			<ymin>1</ymin>
			<xmax>251</xmax>
			<ymax>38</ymax>
		</bndbox>
	</object>
	<object>
		<name>dandelion_yellow</name>
		<pose>Unspecified</pose>
		<truncated>0</truncated>
		<difficult>0</difficult>
		<bndbox>
			<xmin>59</xmin>
			<ymin>25</ymin>
			<xmax>130</xmax>
			<ymax>78</ymax>
		</bndbox>
	</object>
	<object>
		<name>dandelion_yellow</name>
		<pose>Unspecified</pose>
		<truncated>0</truncated>
		<difficult>0</difficult>
		<bndbox>
			<xmin>33</xmin>
			<ymin>70</ymin>
			<xmax>108</xmax>
			<ymax>107</ymax>
		</bndbox>
	</object>
	<object>
		<name>dandelion_yellow</name>
		<pose>Unspecified</pose>
		<truncated>0</truncated>
		<difficult>0</difficult>
		<bndbox>
			<xmin>188</xmin>
			<ymin>75</ymin>
			<xmax>295</xmax>
			<ymax>118</ymax>
		</bndbox>
	</object>
	<object>
		<name>dandelion_yellow</name>
		<pose>Unspecified</pose>
		<truncated>1</truncated>
		<difficult>0</difficult>
		<bndbox>
			<xmin>232</xmin>
			<ymin>24</ymin>
			<xmax>320</xmax>
			<ymax>83</ymax>
		</bndbox>
	</object>
</annotation>
