<annotation>
	<folder>dandelion</folder>
	<filename>3513200808_390f1d63a7_m.jpg</filename>
	<path>C:\Users\surba\Downloads\new_flowers_dataset\dandelion\3513200808_390f1d63a7_m.jpg</path>
	<source>
		<database>Unknown</database>
	</source>
	<size>
		<width>240</width>
		<height>240</height>
		<depth>3</depth>
	</size>
	<segmented>0</segmented>
	<object>
		<name>dandelion_white</name>
		<pose>Unspecified</pose>
		<truncated>0</truncated>
		<difficult>0</difficult>
		<bndbox>
			<xmin>142</xmin>
			<ymin>63</ymin>
			<xmax>205</xmax>
			<ymax>121</ymax>
		</bndbox>
	</object>
</annotation>
