<annotation>
	<folder>tulip</folder>
	<filename>3524204544_7233737b4f_m.jpg</filename>
	<path>C:\Users\surba\Downloads\new_flowers_dataset\tulip\3524204544_7233737b4f_m.jpg</path>
	<source>
		<database>Unknown</database>
	</source>
	<size>
		<width>180</width>
		<height>240</height>
		<depth>3</depth>
	</size>
	<segmented>0</segmented>
	<object>
		<name>tulip</name>
		<pose>Unspecified</pose>
		<truncated>0</truncated>
		<difficult>0</difficult>
		<bndbox>
			<xmin>38</xmin>
			<ymin>6</ymin>
			<xmax>143</xmax>
			<ymax>151</ymax>
		</bndbox>
	</object>
</annotation>
