<annotation>
	<folder>dandelion</folder>
	<filename>3580443099_9a6902ebd8_n.jpg</filename>
	<path>C:\Users\surba\Downloads\new_flowers_dataset\dandelion\3580443099_9a6902ebd8_n.jpg</path>
	<source>
		<database>Unknown</database>
	</source>
	<size>
		<width>320</width>
		<height>240</height>
		<depth>3</depth>
	</size>
	<segmented>0</segmented>
	<object>
		<name>dandelion_yellow</name>
		<pose>Unspecified</pose>
		<truncated>0</truncated>
		<difficult>0</difficult>
		<bndbox>
			<xmin>45</xmin>
			<ymin>54</ymin>
			<xmax>248</xmax>
			<ymax>186</ymax>
		</bndbox>
	</object>
</annotation>
