<annotation>
	<folder>dandelion</folder>
	<filename>3581252194_8c976d333a_n.jpg</filename>
	<path>C:\Users\surba\Downloads\new_flowers_dataset\dandelion\3581252194_8c976d333a_n.jpg</path>
	<source>
		<database>Unknown</database>
	</source>
	<size>
		<width>320</width>
		<height>240</height>
		<depth>3</depth>
	</size>
	<segmented>0</segmented>
	<object>
		<name>dandelion_yellow</name>
		<pose>Unspecified</pose>
		<truncated>0</truncated>
		<difficult>0</difficult>
		<bndbox>
			<xmin>81</xmin>
			<ymin>82</ymin>
			<xmax>214</xmax>
			<ymax>169</ymax>
		</bndbox>
	</object>
	<object>
		<name>dandelion_yellow</name>
		<pose>Unspecified</pose>
		<truncated>0</truncated>
		<difficult>0</difficult>
		<bndbox>
			<xmin>19</xmin>
			<ymin>118</ymin>
			<xmax>49</xmax>
			<ymax>139</ymax>
		</bndbox>
	</object>
	<object>
		<name>dandelion_yellow</name>
		<pose>Unspecified</pose>
		<truncated>0</truncated>
		<difficult>0</difficult>
		<bndbox>
			<xmin>217</xmin>
			<ymin>31</ymin>
			<xmax>247</xmax>
			<ymax>46</ymax>
		</bndbox>
	</object>
	<object>
		<name>dandelion_yellow</name>
		<pose>Unspecified</pose>
		<truncated>0</truncated>
		<difficult>0</difficult>
		<bndbox>
			<xmin>148</xmin>
			<ymin>47</ymin>
			<xmax>185</xmax>
			<ymax>69</ymax>
		</bndbox>
	</object>
</annotation>
