<annotation>
	<folder>daisy</folder>
	<filename>3637428148_a1dcccafa9_n.jpg</filename>
	<path>C:\Users\surba\Downloads\new_flowers_dataset\daisy\3637428148_a1dcccafa9_n.jpg</path>
	<source>
		<database>Unknown</database>
	</source>
	<size>
		<width>320</width>
		<height>235</height>
		<depth>3</depth>
	</size>
	<segmented>0</segmented>
	<object>
		<name>daisy</name>
		<pose>Unspecified</pose>
		<truncated>0</truncated>
		<difficult>0</difficult>
		<bndbox>
			<xmin>69</xmin>
			<ymin>20</ymin>
			<xmax>166</xmax>
			<ymax>99</ymax>
		</bndbox>
	</object>
	<object>
		<name>daisy</name>
		<pose>Unspecified</pose>
		<truncated>0</truncated>
		<difficult>0</difficult>
		<bndbox>
			<xmin>197</xmin>
			<ymin>41</ymin>
			<xmax>315</xmax>
			<ymax>138</ymax>
		</bndbox>
	</object>
	<object>
		<name>daisy</name>
		<pose>Unspecified</pose>
		<truncated>0</truncated>
		<difficult>0</difficult>
		<bndbox>
			<xmin>55</xmin>
			<ymin>114</ymin>
			<xmax>145</xmax>
			<ymax>182</ymax>
		</bndbox>
	</object>
	<object>
		<name>daisy</name>
		<pose>Unspecified</pose>
		<truncated>0</truncated>
		<difficult>0</difficult>
		<bndbox>
			<xmin>121</xmin>
			<ymin>116</ymin>
			<xmax>233</xmax>
			<ymax>211</ymax>
		</bndbox>
	</object>
</annotation>
