<annotation>
	<folder>sunflower</folder>
	<filename>3681233294_4f06cd8903.jpg</filename>
	<path>C:\Users\surba\Downloads\new_flowers_dataset\sunflower\3681233294_4f06cd8903.jpg</path>
	<source>
		<database>Unknown</database>
	</source>
	<size>
		<width>500</width>
		<height>400</height>
		<depth>3</depth>
	</size>
	<segmented>0</segmented>
	<object>
		<name>sunflower</name>
		<pose>Unspecified</pose>
		<truncated>0</truncated>
		<difficult>0</difficult>
		<bndbox>
			<xmin>84</xmin>
			<ymin>4</ymin>
			<xmax>399</xmax>
			<ymax>338</ymax>
		</bndbox>
	</object>
	<object>
		<name>sunflower</name>
		<pose>Unspecified</pose>
		<truncated>0</truncated>
		<difficult>0</difficult>
		<bndbox>
			<xmin>324</xmin>
			<ymin>186</ymin>
			<xmax>493</xmax>
			<ymax>391</ymax>
		</bndbox>
	</object>
</annotation>
