<annotation>
	<folder>dandelion</folder>
	<filename>3730618647_5725c692c3_m.jpg</filename>
	<path>C:\Users\surba\Downloads\new_flowers_dataset\dandelion\3730618647_5725c692c3_m.jpg</path>
	<source>
		<database>Unknown</database>
	</source>
	<size>
		<width>240</width>
		<height>240</height>
		<depth>3</depth>
	</size>
	<segmented>0</segmented>
	<object>
		<name>dandelion_white</name>
		<pose>Unspecified</pose>
		<truncated>0</truncated>
		<difficult>0</difficult>
		<bndbox>
			<xmin>19</xmin>
			<ymin>21</ymin>
			<xmax>225</xmax>
			<ymax>220</ymax>
		</bndbox>
	</object>
</annotation>
