<annotation>
	<folder>sunflower</folder>
	<filename>3734999477_7f454081aa_n.jpg</filename>
	<path>C:\Users\surba\Downloads\new_flowers_dataset\sunflower\3734999477_7f454081aa_n.jpg</path>
	<source>
		<database>Unknown</database>
	</source>
	<size>
		<width>320</width>
		<height>240</height>
		<depth>3</depth>
	</size>
	<segmented>0</segmented>
	<object>
		<name>sunflower</name>
		<pose>Unspecified</pose>
		<truncated>0</truncated>
		<difficult>0</difficult>
		<bndbox>
			<xmin>60</xmin>
			<ymin>49</ymin>
			<xmax>113</xmax>
			<ymax>93</ymax>
		</bndbox>
	</object>
	<object>
		<name>sunflower</name>
		<pose>Unspecified</pose>
		<truncated>0</truncated>
		<difficult>0</difficult>
		<bndbox>
			<xmin>153</xmin>
			<ymin>40</ymin>
			<xmax>203</xmax>
			<ymax>89</ymax>
		</bndbox>
	</object>
</annotation>
