<annotation>
	<folder>rose</folder>
	<filename>3871586333_5a708d5cf4_n.jpg</filename>
	<path>C:\Users\surba\Downloads\new_flowers_dataset\rose\3871586333_5a708d5cf4_n.jpg</path>
	<source>
		<database>Unknown</database>
	</source>
	<size>
		<width>320</width>
		<height>240</height>
		<depth>3</depth>
	</size>
	<segmented>0</segmented>
	<object>
		<name>rose</name>
		<pose>Unspecified</pose>
		<truncated>0</truncated>
		<difficult>0</difficult>
		<bndbox>
			<xmin>6</xmin>
			<ymin>25</ymin>
			<xmax>313</xmax>
			<ymax>206</ymax>
		</bndbox>
	</object>
</annotation>
