<annotation>
	<folder>sunflower</folder>
	<filename>3893436870_034b79d118_n.jpg</filename>
	<path>C:\Users\surba\Downloads\new_flowers_dataset\sunflower\3893436870_034b79d118_n.jpg</path>
	<source>
		<database>Unknown</database>
	</source>
	<size>
		<width>320</width>
		<height>247</height>
		<depth>3</depth>
	</size>
	<segmented>0</segmented>
	<object>
		<name>sunflower</name>
		<pose>Unspecified</pose>
		<truncated>0</truncated>
		<difficult>0</difficult>
		<bndbox>
			<xmin>115</xmin>
			<ymin>46</ymin>
			<xmax>248</xmax>
			<ymax>183</ymax>
		</bndbox>
	</object>
	<object>
		<name>sunflower</name>
		<pose>Unspecified</pose>
		<truncated>0</truncated>
		<difficult>0</difficult>
		<bndbox>
			<xmin>236</xmin>
			<ymin>70</ymin>
			<xmax>268</xmax>
			<ymax>166</ymax>
		</bndbox>
	</object>
</annotation>
