<annotation>
	<folder>sunflower</folder>
	<filename>3912497888_e7a5905bc3_n.jpg</filename>
	<path>C:\Users\surba\Downloads\new_flowers_dataset\sunflower\3912497888_e7a5905bc3_n.jpg</path>
	<source>
		<database>Unknown</database>
	</source>
	<size>
		<width>320</width>
		<height>240</height>
		<depth>3</depth>
	</size>
	<segmented>0</segmented>
	<object>
		<name>sunflower</name>
		<pose>Unspecified</pose>
		<truncated>0</truncated>
		<difficult>0</difficult>
		<bndbox>
			<xmin>214</xmin>
			<ymin>141</ymin>
			<xmax>311</xmax>
			<ymax>224</ymax>
		</bndbox>
	</object>
	<object>
		<name>sunflower</name>
		<pose>Unspecified</pose>
		<truncated>1</truncated>
		<difficult>0</difficult>
		<bndbox>
			<xmin>19</xmin>
			<ymin>33</ymin>
			<xmax>250</xmax>
			<ymax>240</ymax>
		</bndbox>
	</object>
</annotation>
