<annotation>
	<folder>sunflower</folder>
	<filename>3912497870_a2f91c3a65_n.jpg</filename>
	<path>C:\Users\surba\Downloads\new_flowers_dataset\sunflower\3912497870_a2f91c3a65_n.jpg</path>
	<source>
		<database>Unknown</database>
	</source>
	<size>
		<width>320</width>
		<height>240</height>
		<depth>3</depth>
	</size>
	<segmented>0</segmented>
	<object>
		<name>sunflower</name>
		<pose>Unspecified</pose>
		<truncated>0</truncated>
		<difficult>0</difficult>
		<bndbox>
			<xmin>124</xmin>
			<ymin>28</ymin>
			<xmax>310</xmax>
			<ymax>183</ymax>
		</bndbox>
	</object>
</annotation>
