<annotation>
	<folder>sunflower</folder>
	<filename>3920137864_e922ab25b4_n.jpg</filename>
	<path>C:\Users\surba\Downloads\new_flowers_dataset\sunflower\3920137864_e922ab25b4_n.jpg</path>
	<source>
		<database>Unknown</database>
	</source>
	<size>
		<width>180</width>
		<height>240</height>
		<depth>3</depth>
	</size>
	<segmented>0</segmented>
	<object>
		<name>sunflower</name>
		<pose>Unspecified</pose>
		<truncated>0</truncated>
		<difficult>0</difficult>
		<bndbox>
			<xmin>37</xmin>
			<ymin>61</ymin>
			<xmax>164</xmax>
			<ymax>179</ymax>
		</bndbox>
	</object>
</annotation>
