<annotation>
	<folder>sunflower</folder>
	<filename>40411019_526f3fc8d9_m.jpg</filename>
	<path>C:\Users\surba\Downloads\new_flowers_dataset\sunflower\40411019_526f3fc8d9_m.jpg</path>
	<source>
		<database>Unknown</database>
	</source>
	<size>
		<width>180</width>
		<height>240</height>
		<depth>3</depth>
	</size>
	<segmented>0</segmented>
	<object>
		<name>sunflower</name>
		<pose>Unspecified</pose>
		<truncated>1</truncated>
		<difficult>0</difficult>
		<bndbox>
			<xmin>1</xmin>
			<ymin>76</ymin>
			<xmax>180</xmax>
			<ymax>238</ymax>
		</bndbox>
	</object>
</annotation>
