<annotation>
	<folder>sunflower</folder>
	<filename>40410963_3ac280f23a_n.jpg</filename>
	<path>C:\Users\surba\Downloads\new_flowers_dataset\sunflower\40410963_3ac280f23a_n.jpg</path>
	<source>
		<database>Unknown</database>
	</source>
	<size>
		<width>320</width>
		<height>240</height>
		<depth>3</depth>
	</size>
	<segmented>0</segmented>
	<object>
		<name>sunflower</name>
		<pose>Unspecified</pose>
		<truncated>1</truncated>
		<difficult>0</difficult>
		<bndbox>
			<xmin>2</xmin>
			<ymin>1</ymin>
			<xmax>320</xmax>
			<ymax>239</ymax>
		</bndbox>
	</object>
</annotation>
