<annotation>
	<folder>daisy</folder>
	<filename>4229503616_9b8a42123c_n.jpg</filename>
	<path>C:\Users\surba\Downloads\new_flowers_dataset\daisy\4229503616_9b8a42123c_n.jpg</path>
	<source>
		<database>Unknown</database>
	</source>
	<size>
		<width>320</width>
		<height>213</height>
		<depth>3</depth>
	</size>
	<segmented>0</segmented>
	<object>
		<name>daisy</name>
		<pose>Unspecified</pose>
		<truncated>0</truncated>
		<difficult>0</difficult>
		<bndbox>
			<xmin>4</xmin>
			<ymin>66</ymin>
			<xmax>98</xmax>
			<ymax>155</ymax>
		</bndbox>
	</object>
	<object>
		<name>daisy</name>
		<pose>Unspecified</pose>
		<truncated>0</truncated>
		<difficult>0</difficult>
		<bndbox>
			<xmin>93</xmin>
			<ymin>36</ymin>
			<xmax>285</xmax>
			<ymax>190</ymax>
		</bndbox>
	</object>
</annotation>
