<annotation>
	<folder>dandelion</folder>
	<filename>4258272073_f616d1e575_m.jpg</filename>
	<path>C:\Users\surba\Downloads\new_flowers_dataset\dandelion\4258272073_f616d1e575_m.jpg</path>
	<source>
		<database>Unknown</database>
	</source>
	<size>
		<width>240</width>
		<height>240</height>
		<depth>3</depth>
	</size>
	<segmented>0</segmented>
	<object>
		<name>dandelion_yellow</name>
		<pose>Unspecified</pose>
		<truncated>0</truncated>
		<difficult>0</difficult>
		<bndbox>
			<xmin>24</xmin>
			<ymin>44</ymin>
			<xmax>225</xmax>
			<ymax>179</ymax>
		</bndbox>
	</object>
</annotation>
