<annotation>
	<folder>daisy</folder>
	<filename>4281102584_c548a69b81_m.jpg</filename>
	<path>C:\Users\surba\Downloads\new_flowers_dataset\daisy\4281102584_c548a69b81_m.jpg</path>
	<source>
		<database>Unknown</database>
	</source>
	<size>
		<width>240</width>
		<height>240</height>
		<depth>3</depth>
	</size>
	<segmented>0</segmented>
	<object>
		<name>daisy</name>
		<pose>Unspecified</pose>
		<truncated>0</truncated>
		<difficult>0</difficult>
		<bndbox>
			<xmin>75</xmin>
			<ymin>117</ymin>
			<xmax>228</xmax>
			<ymax>174</ymax>
		</bndbox>
	</object>
	<object>
		<name>daisy</name>
		<pose>Unspecified</pose>
		<truncated>0</truncated>
		<difficult>0</difficult>
		<bndbox>
			<xmin>7</xmin>
			<ymin>68</ymin>
			<xmax>188</xmax>
			<ymax>144</ymax>
		</bndbox>
	</object>
</annotation>
