<annotation>
	<folder>sunflower</folder>
	<filename>44079668_34dfee3da1_n.jpg</filename>
	<path>C:\Users\surba\Downloads\new_flowers_dataset\sunflower\44079668_34dfee3da1_n.jpg</path>
	<source>
		<database>Unknown</database>
	</source>
	<size>
		<width>320</width>
		<height>261</height>
		<depth>3</depth>
	</size>
	<segmented>0</segmented>
	<object>
		<name>sunflower</name>
		<pose>Unspecified</pose>
		<truncated>1</truncated>
		<difficult>0</difficult>
		<bndbox>
			<xmin>3</xmin>
			<ymin>2</ymin>
			<xmax>316</xmax>
			<ymax>261</ymax>
		</bndbox>
	</object>
</annotation>
