<annotation>
	<folder>daisy</folder>
	<filename>4565255237_9ba29c4d4e_n.jpg</filename>
	<path>C:\Users\surba\Downloads\new_flowers_dataset\daisy\4565255237_9ba29c4d4e_n.jpg</path>
	<source>
		<database>Unknown</database>
	</source>
	<size>
		<width>320</width>
		<height>213</height>
		<depth>3</depth>
	</size>
	<segmented>0</segmented>
	<object>
		<name>daisy</name>
		<pose>Unspecified</pose>
		<truncated>0</truncated>
		<difficult>0</difficult>
		<bndbox>
			<xmin>111</xmin>
			<ymin>4</ymin>
			<xmax>295</xmax>
			<ymax>199</ymax>
		</bndbox>
	</object>
</annotation>
