<annotation>
	<folder>dandelion</folder>
	<filename>4574736702_b15ecf97d0_m.jpg</filename>
	<path>C:\Users\surba\Downloads\new_flowers_dataset\dandelion\4574736702_b15ecf97d0_m.jpg</path>
	<source>
		<database>Unknown</database>
	</source>
	<size>
		<width>159</width>
		<height>240</height>
		<depth>3</depth>
	</size>
	<segmented>0</segmented>
	<object>
		<name>dandelion_white</name>
		<pose>Unspecified</pose>
		<truncated>0</truncated>
		<difficult>0</difficult>
		<bndbox>
			<xmin>62</xmin>
			<ymin>35</ymin>
			<xmax>153</xmax>
			<ymax>115</ymax>
		</bndbox>
	</object>
</annotation>
