<annotation>
	<folder>dandelion</folder>
	<filename>4589787911_851cb80157_n.jpg</filename>
	<path>C:\Users\surba\Downloads\new_flowers_dataset\dandelion\4589787911_851cb80157_n.jpg</path>
	<source>
		<database>Unknown</database>
	</source>
	<size>
		<width>320</width>
		<height>214</height>
		<depth>3</depth>
	</size>
	<segmented>0</segmented>
	<object>
		<name>dandelion_yellow</name>
		<pose>Unspecified</pose>
		<truncated>0</truncated>
		<difficult>0</difficult>
		<bndbox>
			<xmin>63</xmin>
			<ymin>72</ymin>
			<xmax>254</xmax>
			<ymax>180</ymax>
		</bndbox>
	</object>
</annotation>
