<annotation>
	<folder>rose</folder>
	<filename>459042023_6273adc312_n.jpg</filename>
	<path>C:\Users\surba\Downloads\new_flowers_dataset\rose\459042023_6273adc312_n.jpg</path>
	<source>
		<database>Unknown</database>
	</source>
	<size>
		<width>320</width>
		<height>240</height>
		<depth>3</depth>
	</size>
	<segmented>0</segmented>
	<object>
		<name>rose</name>
		<pose>Unspecified</pose>
		<truncated>1</truncated>
		<difficult>0</difficult>
		<bndbox>
			<xmin>1</xmin>
			<ymin>6</ymin>
			<xmax>110</xmax>
			<ymax>117</ymax>
		</bndbox>
	</object>
	<object>
		<name>rose</name>
		<pose>Unspecified</pose>
		<truncated>0</truncated>
		<difficult>0</difficult>
		<bndbox>
			<xmin>165</xmin>
			<ymin>31</ymin>
			<xmax>317</xmax>
			<ymax>149</ymax>
		</bndbox>
	</object>
</annotation>
