<annotation>
	<folder>dandelion</folder>
	<filename>459748276_69101b0cec_n.jpg</filename>
	<path>C:\Users\surba\Downloads\new_flowers_dataset\dandelion\459748276_69101b0cec_n.jpg</path>
	<source>
		<database>Unknown</database>
	</source>
	<size>
		<width>320</width>
		<height>240</height>
		<depth>3</depth>
	</size>
	<segmented>0</segmented>
	<object>
		<name>dandelion_yellow</name>
		<pose>Unspecified</pose>
		<truncated>0</truncated>
		<difficult>0</difficult>
		<bndbox>
			<xmin>141</xmin>
			<ymin>117</ymin>
			<xmax>305</xmax>
			<ymax>219</ymax>
		</bndbox>
	</object>
</annotation>
