<annotation>
	<folder>daisy</folder>
	<filename>4598422221_b37313a3e3_n.jpg</filename>
	<path>C:\Users\surba\Downloads\new_flowers_dataset\daisy\4598422221_b37313a3e3_n.jpg</path>
	<source>
		<database>Unknown</database>
	</source>
	<size>
		<width>320</width>
		<height>213</height>
		<depth>3</depth>
	</size>
	<segmented>0</segmented>
	<object>
		<name>daisy</name>
		<pose>Unspecified</pose>
		<truncated>0</truncated>
		<difficult>0</difficult>
		<bndbox>
			<xmin>64</xmin>
			<ymin>62</ymin>
			<xmax>157</xmax>
			<ymax>154</ymax>
		</bndbox>
	</object>
	<object>
		<name>daisy</name>
		<pose>Unspecified</pose>
		<truncated>0</truncated>
		<difficult>0</difficult>
		<bndbox>
			<xmin>146</xmin>
			<ymin>53</ymin>
			<xmax>187</xmax>
			<ymax>101</ymax>
		</bndbox>
	</object>
	<object>
		<name>daisy</name>
		<pose>Unspecified</pose>
		<truncated>0</truncated>
		<difficult>0</difficult>
		<bndbox>
			<xmin>189</xmin>
			<ymin>77</ymin>
			<xmax>271</xmax>
			<ymax>149</ymax>
		</bndbox>
	</object>
	<object>
		<name>daisy</name>
		<pose>Unspecified</pose>
		<truncated>0</truncated>
		<difficult>0</difficult>
		<bndbox>
			<xmin>185</xmin>
			<ymin>137</ymin>
			<xmax>245</xmax>
			<ymax>186</ymax>
		</bndbox>
	</object>
</annotation>
