<annotation>
	<folder>dandelion</folder>
	<filename>4632761610_768360d425.jpg</filename>
	<path>C:\Users\surba\Downloads\new_flowers_dataset\dandelion\4632761610_768360d425.jpg</path>
	<source>
		<database>Unknown</database>
	</source>
	<size>
		<width>500</width>
		<height>333</height>
		<depth>3</depth>
	</size>
	<segmented>0</segmented>
	<object>
		<name>dandelion_white</name>
		<pose>Unspecified</pose>
		<truncated>0</truncated>
		<difficult>0</difficult>
		<bndbox>
			<xmin>76</xmin>
			<ymin>21</ymin>
			<xmax>415</xmax>
			<ymax>311</ymax>
		</bndbox>
	</object>
</annotation>
