<annotation>
	<folder>sunflower</folder>
	<filename>4746638094_f5336788a0_n.jpg</filename>
	<path>C:\Users\surba\Downloads\new_flowers_dataset\sunflower\4746638094_f5336788a0_n.jpg</path>
	<source>
		<database>Unknown</database>
	</source>
	<size>
		<width>320</width>
		<height>238</height>
		<depth>3</depth>
	</size>
	<segmented>0</segmented>
	<object>
		<name>sunflower</name>
		<pose>Unspecified</pose>
		<truncated>1</truncated>
		<difficult>0</difficult>
		<bndbox>
			<xmin>1</xmin>
			<ymin>1</ymin>
			<xmax>273</xmax>
			<ymax>238</ymax>
		</bndbox>
	</object>
</annotation>
