<annotation>
	<folder>sunflower</folder>
	<filename>4755075329_1fccc69d4e.jpg</filename>
	<path>C:\Users\surba\Downloads\new_flowers_dataset\sunflower\4755075329_1fccc69d4e.jpg</path>
	<source>
		<database>Unknown</database>
	</source>
	<size>
		<width>500</width>
		<height>332</height>
		<depth>3</depth>
	</size>
	<segmented>0</segmented>
	<object>
		<name>sunflower</name>
		<pose>Unspecified</pose>
		<truncated>0</truncated>
		<difficult>0</difficult>
		<bndbox>
			<xmin>104</xmin>
			<ymin>25</ymin>
			<xmax>367</xmax>
			<ymax>309</ymax>
		</bndbox>
	</object>
</annotation>
