<annotation>
	<folder>daisy</folder>
	<filename>4790631791_21e9648097_n.jpg</filename>
	<path>C:\Users\surba\Downloads\new_flowers_dataset\daisy\4790631791_21e9648097_n.jpg</path>
	<source>
		<database>Unknown</database>
	</source>
	<size>
		<width>240</width>
		<height>160</height>
		<depth>3</depth>
	</size>
	<segmented>0</segmented>
	<object>
		<name>daisy</name>
		<pose>Unspecified</pose>
		<truncated>0</truncated>
		<difficult>0</difficult>
		<bndbox>
			<xmin>48</xmin>
			<ymin>18</ymin>
			<xmax>228</xmax>
			<ymax>143</ymax>
		</bndbox>
	</object>
</annotation>
