<annotation>
	<folder>sunflower</folder>
	<filename>4804434999_bf2187e96a_n.jpg</filename>
	<path>C:\Users\surba\Downloads\new_flowers_dataset\sunflower\4804434999_bf2187e96a_n.jpg</path>
	<source>
		<database>Unknown</database>
	</source>
	<size>
		<width>320</width>
		<height>208</height>
		<depth>3</depth>
	</size>
	<segmented>0</segmented>
	<object>
		<name>sunflower</name>
		<pose>Unspecified</pose>
		<truncated>1</truncated>
		<difficult>0</difficult>
		<bndbox>
			<xmin>1</xmin>
			<ymin>1</ymin>
			<xmax>143</xmax>
			<ymax>169</ymax>
		</bndbox>
	</object>
	<object>
		<name>sunflower</name>
		<pose>Unspecified</pose>
		<truncated>1</truncated>
		<difficult>0</difficult>
		<bndbox>
			<xmin>163</xmin>
			<ymin>34</ymin>
			<xmax>320</xmax>
			<ymax>203</ymax>
		</bndbox>
	</object>
</annotation>
