<annotation>
	<folder>daisy</folder>
	<filename>4837182901_69a6cc782b_n.jpg</filename>
	<path>C:\Users\surba\Downloads\new_flowers_dataset\daisy\4837182901_69a6cc782b_n.jpg</path>
	<source>
		<database>Unknown</database>
	</source>
	<size>
		<width>320</width>
		<height>240</height>
		<depth>3</depth>
	</size>
	<segmented>0</segmented>
	<object>
		<name>daisy</name>
		<pose>Unspecified</pose>
		<truncated>1</truncated>
		<difficult>0</difficult>
		<bndbox>
			<xmin>1</xmin>
			<ymin>169</ymin>
			<xmax>94</xmax>
			<ymax>232</ymax>
		</bndbox>
	</object>
	<object>
		<name>daisy</name>
		<pose>Unspecified</pose>
		<truncated>0</truncated>
		<difficult>0</difficult>
		<bndbox>
			<xmin>58</xmin>
			<ymin>48</ymin>
			<xmax>283</xmax>
			<ymax>172</ymax>
		</bndbox>
	</object>
</annotation>
