<annotation>
	<folder>tulip</folder>
	<filename>4838669164_ffb6f67139.jpg</filename>
	<path>C:\Users\surba\Downloads\new_flowers_dataset\tulip\4838669164_ffb6f67139.jpg</path>
	<source>
		<database>Unknown</database>
	</source>
	<size>
		<width>500</width>
		<height>332</height>
		<depth>3</depth>
	</size>
	<segmented>0</segmented>
	<object>
		<name>tulip</name>
		<pose>Unspecified</pose>
		<truncated>0</truncated>
		<difficult>0</difficult>
		<bndbox>
			<xmin>219</xmin>
			<ymin>49</ymin>
			<xmax>397</xmax>
			<ymax>286</ymax>
		</bndbox>
	</object>
	<object>
		<name>tulip</name>
		<pose>Unspecified</pose>
		<truncated>1</truncated>
		<difficult>0</difficult>
		<bndbox>
			<xmin>4</xmin>
			<ymin>1</ymin>
			<xmax>239</xmax>
			<ymax>177</ymax>
		</bndbox>
	</object>
</annotation>
