<annotation>
	<folder>daisy</folder>
	<filename>4851353993_2cbbbd1040_n.jpg</filename>
	<path>C:\Users\surba\Downloads\new_flowers_dataset\daisy\4851353993_2cbbbd1040_n.jpg</path>
	<source>
		<database>Unknown</database>
	</source>
	<size>
		<width>320</width>
		<height>240</height>
		<depth>3</depth>
	</size>
	<segmented>0</segmented>
	<object>
		<name>daisy</name>
		<pose>Unspecified</pose>
		<truncated>0</truncated>
		<difficult>0</difficult>
		<bndbox>
			<xmin>79</xmin>
			<ymin>56</ymin>
			<xmax>247</xmax>
			<ymax>205</ymax>
		</bndbox>
	</object>
</annotation>
