<annotation>
	<folder>sunflower</folder>
	<filename>4871455214_8b5fb87ab6_n.jpg</filename>
	<path>C:\Users\surba\Downloads\new_flowers_dataset\sunflower\4871455214_8b5fb87ab6_n.jpg</path>
	<source>
		<database>Unknown</database>
	</source>
	<size>
		<width>320</width>
		<height>213</height>
		<depth>3</depth>
	</size>
	<segmented>0</segmented>
	<object>
		<name>sunflower</name>
		<pose>Unspecified</pose>
		<truncated>0</truncated>
		<difficult>0</difficult>
		<bndbox>
			<xmin>121</xmin>
			<ymin>30</ymin>
			<xmax>282</xmax>
			<ymax>199</ymax>
		</bndbox>
	</object>
</annotation>
