<annotation>
	<folder>daisy</folder>
	<filename>488202750_c420cbce61.jpg</filename>
	<path>C:\Users\surba\Downloads\new_flowers_dataset\daisy\488202750_c420cbce61.jpg</path>
	<source>
		<database>Unknown</database>
	</source>
	<size>
		<width>500</width>
		<height>375</height>
		<depth>3</depth>
	</size>
	<segmented>0</segmented>
	<object>
		<name>daisy</name>
		<pose>Unspecified</pose>
		<truncated>1</truncated>
		<difficult>0</difficult>
		<bndbox>
			<xmin>49</xmin>
			<ymin>8</ymin>
			<xmax>461</xmax>
			<ymax>375</ymax>
		</bndbox>
	</object>
</annotation>
