<annotation>
	<folder>dandelion</folder>
	<filename>4893356345_24d67eff9f_m.jpg</filename>
	<path>C:\Users\surba\Downloads\new_flowers_dataset\dandelion\4893356345_24d67eff9f_m.jpg</path>
	<source>
		<database>Unknown</database>
	</source>
	<size>
		<width>188</width>
		<height>240</height>
		<depth>3</depth>
	</size>
	<segmented>0</segmented>
	<object>
		<name>dandelion_yellow</name>
		<pose>Unspecified</pose>
		<truncated>0</truncated>
		<difficult>0</difficult>
		<bndbox>
			<xmin>27</xmin>
			<ymin>64</ymin>
			<xmax>182</xmax>
			<ymax>140</ymax>
		</bndbox>
	</object>
</annotation>
