<annotation>
	<folder>sunflower</folder>
	<filename>4895719476_bd3b6bd6fd_n.jpg</filename>
	<path>C:\Users\surba\Downloads\new_flowers_dataset\sunflower\4895719476_bd3b6bd6fd_n.jpg</path>
	<source>
		<database>Unknown</database>
	</source>
	<size>
		<width>320</width>
		<height>240</height>
		<depth>3</depth>
	</size>
	<segmented>0</segmented>
	<object>
		<name>sunflower</name>
		<pose>Unspecified</pose>
		<truncated>1</truncated>
		<difficult>0</difficult>
		<bndbox>
			<xmin>75</xmin>
			<ymin>7</ymin>
			<xmax>320</xmax>
			<ymax>240</ymax>
		</bndbox>
	</object>
</annotation>
