<annotation>
	<folder>rose</folder>
	<filename>4900231976_f8ced2b42a_n.jpg</filename>
	<path>C:\Users\surba\Downloads\new_flowers_dataset\rose\4900231976_f8ced2b42a_n.jpg</path>
	<source>
		<database>Unknown</database>
	</source>
	<size>
		<width>320</width>
		<height>240</height>
		<depth>3</depth>
	</size>
	<segmented>0</segmented>
	<object>
		<name>rose</name>
		<pose>Unspecified</pose>
		<truncated>0</truncated>
		<difficult>0</difficult>
		<bndbox>
			<xmin>75</xmin>
			<ymin>34</ymin>
			<xmax>285</xmax>
			<ymax>212</ymax>
		</bndbox>
	</object>
</annotation>
