<annotation>
	<folder>sunflower</folder>
	<filename>4942258704_c4146b710a_n.jpg</filename>
	<path>C:\Users\surba\Downloads\new_flowers_dataset\sunflower\4942258704_c4146b710a_n.jpg</path>
	<source>
		<database>Unknown</database>
	</source>
	<size>
		<width>320</width>
		<height>240</height>
		<depth>3</depth>
	</size>
	<segmented>0</segmented>
	<object>
		<name>sunflower</name>
		<pose>Unspecified</pose>
		<truncated>0</truncated>
		<difficult>0</difficult>
		<bndbox>
			<xmin>127</xmin>
			<ymin>35</ymin>
			<xmax>308</xmax>
			<ymax>225</ymax>
		</bndbox>
	</object>
</annotation>
