<annotation>
	<folder>daisy</folder>
	<filename>495098110_3a4bb30042_n.jpg</filename>
	<path>C:\Users\surba\Downloads\new_flowers_dataset\daisy\495098110_3a4bb30042_n.jpg</path>
	<source>
		<database>Unknown</database>
	</source>
	<size>
		<width>320</width>
		<height>242</height>
		<depth>3</depth>
	</size>
	<segmented>0</segmented>
	<object>
		<name>daisy</name>
		<pose>Unspecified</pose>
		<truncated>0</truncated>
		<difficult>0</difficult>
		<bndbox>
			<xmin>3</xmin>
			<ymin>27</ymin>
			<xmax>211</xmax>
			<ymax>234</ymax>
		</bndbox>
	</object>
</annotation>
