<annotation>
	<folder>daisy</folder>
	<filename>4955671608_8d3862db05_n.jpg</filename>
	<path>C:\Users\surba\Downloads\new_flowers_dataset\daisy\4955671608_8d3862db05_n.jpg</path>
	<source>
		<database>Unknown</database>
	</source>
	<size>
		<width>240</width>
		<height>159</height>
		<depth>3</depth>
	</size>
	<segmented>0</segmented>
	<object>
		<name>daisy</name>
		<pose>Unspecified</pose>
		<truncated>0</truncated>
		<difficult>0</difficult>
		<bndbox>
			<xmin>36</xmin>
			<ymin>26</ymin>
			<xmax>190</xmax>
			<ymax>144</ymax>
		</bndbox>
	</object>
</annotation>
