<annotation>
	<folder>sunflower</folder>
	<filename>4977385375_e271e282f9.jpg</filename>
	<path>C:\Users\surba\Downloads\new_flowers_dataset\sunflower\4977385375_e271e282f9.jpg</path>
	<source>
		<database>Unknown</database>
	</source>
	<size>
		<width>500</width>
		<height>333</height>
		<depth>3</depth>
	</size>
	<segmented>0</segmented>
	<object>
		<name>sunflower</name>
		<pose>Unspecified</pose>
		<truncated>0</truncated>
		<difficult>0</difficult>
		<bndbox>
			<xmin>385</xmin>
			<ymin>95</ymin>
			<xmax>499</xmax>
			<ymax>205</ymax>
		</bndbox>
	</object>
	<object>
		<name>sunflower</name>
		<pose>Unspecified</pose>
		<truncated>0</truncated>
		<difficult>0</difficult>
		<bndbox>
			<xmin>127</xmin>
			<ymin>82</ymin>
			<xmax>305</xmax>
			<ymax>281</ymax>
		</bndbox>
	</object>
</annotation>
