<annotation>
	<folder>rose</folder>
	<filename>5001847693_77a9fb4f3c_n.jpg</filename>
	<path>C:\Users\surba\Downloads\new_flowers_dataset\rose\5001847693_77a9fb4f3c_n.jpg</path>
	<source>
		<database>Unknown</database>
	</source>
	<size>
		<width>240</width>
		<height>159</height>
		<depth>3</depth>
	</size>
	<segmented>0</segmented>
	<object>
		<name>rose</name>
		<pose>Unspecified</pose>
		<truncated>0</truncated>
		<difficult>0</difficult>
		<bndbox>
			<xmin>123</xmin>
			<ymin>41</ymin>
			<xmax>204</xmax>
			<ymax>82</ymax>
		</bndbox>
	</object>
	<object>
		<name>rose</name>
		<pose>Unspecified</pose>
		<truncated>0</truncated>
		<difficult>0</difficult>
		<bndbox>
			<xmin>78</xmin>
			<ymin>102</ymin>
			<xmax>165</xmax>
			<ymax>153</ymax>
		</bndbox>
	</object>
</annotation>
