<annotation>
	<folder>rose</folder>
	<filename>5002451854_9cf0096db0_n.jpg</filename>
	<path>C:\Users\surba\Downloads\new_flowers_dataset\rose\5002451854_9cf0096db0_n.jpg</path>
	<source>
		<database>Unknown</database>
	</source>
	<size>
		<width>240</width>
		<height>159</height>
		<depth>3</depth>
	</size>
	<segmented>0</segmented>
	<object>
		<name>rose</name>
		<pose>Unspecified</pose>
		<truncated>0</truncated>
		<difficult>0</difficult>
		<bndbox>
			<xmin>71</xmin>
			<ymin>13</ymin>
			<xmax>180</xmax>
			<ymax>105</ymax>
		</bndbox>
	</object>
	<object>
		<name>rose</name>
		<pose>Unspecified</pose>
		<truncated>0</truncated>
		<difficult>0</difficult>
		<bndbox>
			<xmin>26</xmin>
			<ymin>45</ymin>
			<xmax>136</xmax>
			<ymax>154</ymax>
		</bndbox>
	</object>
</annotation>
