<annotation>
	<folder>sunflower</folder>
	<filename>5025805406_033cb03475_n.jpg</filename>
	<path>C:\Users\surba\Downloads\new_flowers_dataset\sunflower\5025805406_033cb03475_n.jpg</path>
	<source>
		<database>Unknown</database>
	</source>
	<size>
		<width>320</width>
		<height>240</height>
		<depth>3</depth>
	</size>
	<segmented>0</segmented>
	<object>
		<name>sunflower</name>
		<pose>Unspecified</pose>
		<truncated>0</truncated>
		<difficult>0</difficult>
		<bndbox>
			<xmin>90</xmin>
			<ymin>3</ymin>
			<xmax>188</xmax>
			<ymax>145</ymax>
		</bndbox>
	</object>
</annotation>
