<annotation>
	<folder>sunflower</folder>
	<filename>5043404000_9bc16cb7e5_m.jpg</filename>
	<path>C:\Users\surba\Downloads\new_flowers_dataset\sunflower\5043404000_9bc16cb7e5_m.jpg</path>
	<source>
		<database>Unknown</database>
	</source>
	<size>
		<width>180</width>
		<height>240</height>
		<depth>3</depth>
	</size>
	<segmented>0</segmented>
	<object>
		<name>sunflower</name>
		<pose>Unspecified</pose>
		<truncated>1</truncated>
		<difficult>0</difficult>
		<bndbox>
			<xmin>125</xmin>
			<ymin>88</ymin>
			<xmax>180</xmax>
			<ymax>163</ymax>
		</bndbox>
	</object>
	<object>
		<name>sunflower</name>
		<pose>Unspecified</pose>
		<truncated>0</truncated>
		<difficult>0</difficult>
		<bndbox>
			<xmin>85</xmin>
			<ymin>98</ymin>
			<xmax>119</xmax>
			<ymax>158</ymax>
		</bndbox>
	</object>
	<object>
		<name>sunflower</name>
		<pose>Unspecified</pose>
		<truncated>1</truncated>
		<difficult>0</difficult>
		<bndbox>
			<xmin>79</xmin>
			<ymin>142</ymin>
			<xmax>169</xmax>
			<ymax>240</ymax>
		</bndbox>
	</object>
	<object>
		<name>sunflower</name>
		<pose>Unspecified</pose>
		<truncated>1</truncated>
		<difficult>0</difficult>
		<bndbox>
			<xmin>1</xmin>
			<ymin>93</ymin>
			<xmax>62</xmax>
			<ymax>168</ymax>
		</bndbox>
	</object>
</annotation>
