<annotation>
	<folder>rose</folder>
	<filename>5060536705_b370a5c543_n.jpg</filename>
	<path>C:\Users\surba\Downloads\new_flowers_dataset\rose\5060536705_b370a5c543_n.jpg</path>
	<source>
		<database>Unknown</database>
	</source>
	<size>
		<width>320</width>
		<height>240</height>
		<depth>3</depth>
	</size>
	<segmented>0</segmented>
	<object>
		<name>rose</name>
		<pose>Unspecified</pose>
		<truncated>1</truncated>
		<difficult>0</difficult>
		<bndbox>
			<xmin>245</xmin>
			<ymin>50</ymin>
			<xmax>320</xmax>
			<ymax>145</ymax>
		</bndbox>
	</object>
	<object>
		<name>rose</name>
		<pose>Unspecified</pose>
		<truncated>0</truncated>
		<difficult>0</difficult>
		<bndbox>
			<xmin>85</xmin>
			<ymin>47</ymin>
			<xmax>235</xmax>
			<ymax>200</ymax>
		</bndbox>
	</object>
	<object>
		<name>rose</name>
		<pose>Unspecified</pose>
		<truncated>0</truncated>
		<difficult>0</difficult>
		<bndbox>
			<xmin>27</xmin>
			<ymin>22</ymin>
			<xmax>90</xmax>
			<ymax>94</ymax>
		</bndbox>
	</object>
</annotation>
