<annotation>
	<folder>daisy</folder>
	<filename>506018088_4f7a15a7c5_n.jpg</filename>
	<path>C:\Users\surba\Downloads\new_flowers_dataset\daisy\506018088_4f7a15a7c5_n.jpg</path>
	<source>
		<database>Unknown</database>
	</source>
	<size>
		<width>320</width>
		<height>257</height>
		<depth>3</depth>
	</size>
	<segmented>0</segmented>
	<object>
		<name>daisy</name>
		<pose>Unspecified</pose>
		<truncated>0</truncated>
		<difficult>0</difficult>
		<bndbox>
			<xmin>6</xmin>
			<ymin>6</ymin>
			<xmax>246</xmax>
			<ymax>191</ymax>
		</bndbox>
	</object>
</annotation>
