<annotation>
	<folder>dandelion</folder>
	<filename>506660896_c903cca1f0.jpg</filename>
	<path>C:\Users\surba\Downloads\new_flowers_dataset\dandelion\506660896_c903cca1f0.jpg</path>
	<source>
		<database>Unknown</database>
	</source>
	<size>
		<width>500</width>
		<height>333</height>
		<depth>3</depth>
	</size>
	<segmented>0</segmented>
	<object>
		<name>dandelion_white</name>
		<pose>Unspecified</pose>
		<truncated>0</truncated>
		<difficult>0</difficult>
		<bndbox>
			<xmin>112</xmin>
			<ymin>24</ymin>
			<xmax>382</xmax>
			<ymax>269</ymax>
		</bndbox>
	</object>
</annotation>
