<annotation>
	<folder>sunflower</folder>
	<filename>5091281256_648c37d7c1_n.jpg</filename>
	<path>C:\Users\surba\Downloads\new_flowers_dataset\sunflower\5091281256_648c37d7c1_n.jpg</path>
	<source>
		<database>Unknown</database>
	</source>
	<size>
		<width>240</width>
		<height>180</height>
		<depth>3</depth>
	</size>
	<segmented>0</segmented>
	<object>
		<name>sunflower</name>
		<pose>Unspecified</pose>
		<truncated>0</truncated>
		<difficult>0</difficult>
		<bndbox>
			<xmin>44</xmin>
			<ymin>13</ymin>
			<xmax>191</xmax>
			<ymax>159</ymax>
		</bndbox>
	</object>
</annotation>
