<annotation>
	<folder>tulip</folder>
	<filename>510698601_9f61d6f8d8.jpg</filename>
	<path>C:\Users\surba\Downloads\new_flowers_dataset\tulip\510698601_9f61d6f8d8.jpg</path>
	<source>
		<database>Unknown</database>
	</source>
	<size>
		<width>500</width>
		<height>333</height>
		<depth>3</depth>
	</size>
	<segmented>0</segmented>
	<object>
		<name>tulip</name>
		<pose>Unspecified</pose>
		<truncated>0</truncated>
		<difficult>0</difficult>
		<bndbox>
			<xmin>97</xmin>
			<ymin>16</ymin>
			<xmax>396</xmax>
			<ymax>331</ymax>
		</bndbox>
	</object>
</annotation>
