<annotation>
	<folder>rose</folder>
	<filename>5182167964_9d1a0be0b8_n.jpg</filename>
	<path>C:\Users\surba\Downloads\new_flowers_dataset\rose\5182167964_9d1a0be0b8_n.jpg</path>
	<source>
		<database>Unknown</database>
	</source>
	<size>
		<width>320</width>
		<height>240</height>
		<depth>3</depth>
	</size>
	<segmented>0</segmented>
	<object>
		<name>rose</name>
		<pose>Unspecified</pose>
		<truncated>0</truncated>
		<difficult>0</difficult>
		<bndbox>
			<xmin>67</xmin>
			<ymin>90</ymin>
			<xmax>315</xmax>
			<ymax>230</ymax>
		</bndbox>
	</object>
</annotation>
