<annotation>
	<folder>rose</folder>
	<filename>5223191368_01aedb6547_n.jpg</filename>
	<path>C:\Users\surba\Downloads\new_flowers_dataset\rose\5223191368_01aedb6547_n.jpg</path>
	<source>
		<database>Unknown</database>
	</source>
	<size>
		<width>320</width>
		<height>240</height>
		<depth>3</depth>
	</size>
	<segmented>0</segmented>
	<object>
		<name>rose</name>
		<pose>Unspecified</pose>
		<truncated>0</truncated>
		<difficult>0</difficult>
		<bndbox>
			<xmin>41</xmin>
			<ymin>97</ymin>
			<xmax>167</xmax>
			<ymax>229</ymax>
		</bndbox>
	</object>
	<object>
		<name>rose</name>
		<pose>Unspecified</pose>
		<truncated>0</truncated>
		<difficult>0</difficult>
		<bndbox>
			<xmin>146</xmin>
			<ymin>29</ymin>
			<xmax>299</xmax>
			<ymax>145</ymax>
		</bndbox>
	</object>
</annotation>
