<annotation>
	<folder>rose</folder>
	<filename>5231103167_a03280e9f6_n.jpg</filename>
	<path>C:\Users\surba\Downloads\new_flowers_dataset\rose\5231103167_a03280e9f6_n.jpg</path>
	<source>
		<database>Unknown</database>
	</source>
	<size>
		<width>320</width>
		<height>240</height>
		<depth>3</depth>
	</size>
	<segmented>0</segmented>
	<object>
		<name>rose</name>
		<pose>Unspecified</pose>
		<truncated>0</truncated>
		<difficult>0</difficult>
		<bndbox>
			<xmin>52</xmin>
			<ymin>41</ymin>
			<xmax>311</xmax>
			<ymax>206</ymax>
		</bndbox>
	</object>
</annotation>
