<annotation>
	<folder>rose</folder>
	<filename>5335936311_390e8ed5d9_n.jpg</filename>
	<path>C:\Users\surba\Downloads\new_flowers_dataset\rose\5335936311_390e8ed5d9_n.jpg</path>
	<source>
		<database>Unknown</database>
	</source>
	<size>
		<width>240</width>
		<height>159</height>
		<depth>3</depth>
	</size>
	<segmented>0</segmented>
	<object>
		<name>rose</name>
		<pose>Unspecified</pose>
		<truncated>0</truncated>
		<difficult>0</difficult>
		<bndbox>
			<xmin>112</xmin>
			<ymin>16</ymin>
			<xmax>180</xmax>
			<ymax>50</ymax>
		</bndbox>
	</object>
	<object>
		<name>rose</name>
		<pose>Unspecified</pose>
		<truncated>0</truncated>
		<difficult>0</difficult>
		<bndbox>
			<xmin>73</xmin>
			<ymin>36</ymin>
			<xmax>135</xmax>
			<ymax>99</ymax>
		</bndbox>
	</object>
	<object>
		<name>rose</name>
		<pose>Unspecified</pose>
		<truncated>0</truncated>
		<difficult>0</difficult>
		<bndbox>
			<xmin>78</xmin>
			<ymin>85</ymin>
			<xmax>125</xmax>
			<ymax>147</ymax>
		</bndbox>
	</object>
</annotation>
