<annotation>
	<folder>rose</folder>
	<filename>5335931263_18edb092b0_n.jpg</filename>
	<path>C:\Users\surba\Downloads\new_flowers_dataset\rose\5335931263_18edb092b0_n.jpg</path>
	<source>
		<database>Unknown</database>
	</source>
	<size>
		<width>240</width>
		<height>159</height>
		<depth>3</depth>
	</size>
	<segmented>0</segmented>
	<object>
		<name>rose</name>
		<pose>Unspecified</pose>
		<truncated>0</truncated>
		<difficult>0</difficult>
		<bndbox>
			<xmin>64</xmin>
			<ymin>30</ymin>
			<xmax>177</xmax>
			<ymax>120</ymax>
		</bndbox>
	</object>
</annotation>
