<annotation>
	<folder>rose</folder>
	<filename>5349861432_96137002c4_n.jpg</filename>
	<path>C:\Users\surba\Downloads\new_flowers_dataset\rose\5349861432_96137002c4_n.jpg</path>
	<source>
		<database>Unknown</database>
	</source>
	<size>
		<width>240</width>
		<height>159</height>
		<depth>3</depth>
	</size>
	<segmented>0</segmented>
	<object>
		<name>rose</name>
		<pose>Unspecified</pose>
		<truncated>0</truncated>
		<difficult>0</difficult>
		<bndbox>
			<xmin>42</xmin>
			<ymin>65</ymin>
			<xmax>103</xmax>
			<ymax>144</ymax>
		</bndbox>
	</object>
	<object>
		<name>rose</name>
		<pose>Unspecified</pose>
		<truncated>0</truncated>
		<difficult>0</difficult>
		<bndbox>
			<xmin>165</xmin>
			<ymin>46</ymin>
			<xmax>226</xmax>
			<ymax>101</ymax>
		</bndbox>
	</object>
</annotation>
