<annotation>
	<folder>rose</folder>
	<filename>5349249547_5cde2db97c_n.jpg</filename>
	<path>C:\Users\surba\Downloads\new_flowers_dataset\rose\5349249547_5cde2db97c_n.jpg</path>
	<source>
		<database>Unknown</database>
	</source>
	<size>
		<width>240</width>
		<height>159</height>
		<depth>3</depth>
	</size>
	<segmented>0</segmented>
	<object>
		<name>rose</name>
		<pose>Unspecified</pose>
		<truncated>0</truncated>
		<difficult>0</difficult>
		<bndbox>
			<xmin>139</xmin>
			<ymin>43</ymin>
			<xmax>200</xmax>
			<ymax>132</ymax>
		</bndbox>
	</object>
	<object>
		<name>rose</name>
		<pose>Unspecified</pose>
		<truncated>0</truncated>
		<difficult>0</difficult>
		<bndbox>
			<xmin>11</xmin>
			<ymin>23</ymin>
			<xmax>52</xmax>
			<ymax>66</ymax>
		</bndbox>
	</object>
</annotation>
