<annotation>
	<folder>rose</folder>
	<filename>5415783734_b002ebce24_n.jpg</filename>
	<path>C:\Users\surba\Downloads\new_flowers_dataset\rose\5415783734_b002ebce24_n.jpg</path>
	<source>
		<database>Unknown</database>
	</source>
	<size>
		<width>240</width>
		<height>180</height>
		<depth>3</depth>
	</size>
	<segmented>0</segmented>
	<object>
		<name>rose</name>
		<pose>Unspecified</pose>
		<truncated>0</truncated>
		<difficult>0</difficult>
		<bndbox>
			<xmin>51</xmin>
			<ymin>9</ymin>
			<xmax>206</xmax>
			<ymax>149</ymax>
		</bndbox>
	</object>
</annotation>
