<annotation>
	<folder>daisy</folder>
	<filename>5459481183_18d2d49e44_m.jpg</filename>
	<path>C:\Users\surba\Downloads\new_flowers_dataset\daisy\5459481183_18d2d49e44_m.jpg</path>
	<source>
		<database>Unknown</database>
	</source>
	<size>
		<width>180</width>
		<height>240</height>
		<depth>3</depth>
	</size>
	<segmented>0</segmented>
	<object>
		<name>daisy</name>
		<pose>Unspecified</pose>
		<truncated>1</truncated>
		<difficult>0</difficult>
		<bndbox>
			<xmin>1</xmin>
			<ymin>62</ymin>
			<xmax>165</xmax>
			<ymax>182</ymax>
		</bndbox>
	</object>
</annotation>
