<annotation>
	<folder>daisy</folder>
	<filename>5574421625_61b1f49b3f_m.jpg</filename>
	<path>C:\Users\surba\Downloads\new_flowers_dataset\daisy\5574421625_61b1f49b3f_m.jpg</path>
	<source>
		<database>Unknown</database>
	</source>
	<size>
		<width>240</width>
		<height>240</height>
		<depth>3</depth>
	</size>
	<segmented>0</segmented>
	<object>
		<name>daisy</name>
		<pose>Unspecified</pose>
		<truncated>0</truncated>
		<difficult>0</difficult>
		<bndbox>
			<xmin>27</xmin>
			<ymin>42</ymin>
			<xmax>224</xmax>
			<ymax>151</ymax>
		</bndbox>
	</object>
</annotation>
