<annotation>
	<folder>dandelion</folder>
	<filename>5600240736_4a90c10579_n.jpg</filename>
	<path>C:\Users\surba\Downloads\new_flowers_dataset\dandelion\5600240736_4a90c10579_n.jpg</path>
	<source>
		<database>Unknown</database>
	</source>
	<size>
		<width>320</width>
		<height>240</height>
		<depth>3</depth>
	</size>
	<segmented>0</segmented>
	<object>
		<name>dandelion_yellow</name>
		<pose>Unspecified</pose>
		<truncated>0</truncated>
		<difficult>0</difficult>
		<bndbox>
			<xmin>53</xmin>
			<ymin>8</ymin>
			<xmax>267</xmax>
			<ymax>213</ymax>
		</bndbox>
	</object>
</annotation>
