<annotation>
	<folder>daisy</folder>
	<filename>5602738326_97121e007d_n.jpg</filename>
	<path>C:\Users\surba\Downloads\new_flowers_dataset\daisy\5602738326_97121e007d_n.jpg</path>
	<source>
		<database>Unknown</database>
	</source>
	<size>
		<width>320</width>
		<height>240</height>
		<depth>3</depth>
	</size>
	<segmented>0</segmented>
	<object>
		<name>daisy</name>
		<pose>Unspecified</pose>
		<truncated>0</truncated>
		<difficult>0</difficult>
		<bndbox>
			<xmin>107</xmin>
			<ymin>22</ymin>
			<xmax>207</xmax>
			<ymax>111</ymax>
		</bndbox>
	</object>
	<object>
		<name>daisy</name>
		<pose>Unspecified</pose>
		<truncated>0</truncated>
		<difficult>0</difficult>
		<bndbox>
			<xmin>109</xmin>
			<ymin>107</ymin>
			<xmax>219</xmax>
			<ymax>216</ymax>
		</bndbox>
	</object>
</annotation>
