<annotation>
	<folder>dandelion</folder>
	<filename>5607256228_2294c201b3.jpg</filename>
	<path>C:\Users\surba\Downloads\new_flowers_dataset\dandelion\5607256228_2294c201b3.jpg</path>
	<source>
		<database>Unknown</database>
	</source>
	<size>
		<width>500</width>
		<height>320</height>
		<depth>3</depth>
	</size>
	<segmented>0</segmented>
	<object>
		<name>dandelion_white</name>
		<pose>Unspecified</pose>
		<truncated>0</truncated>
		<difficult>0</difficult>
		<bndbox>
			<xmin>153</xmin>
			<ymin>55</ymin>
			<xmax>349</xmax>
			<ymax>222</ymax>
		</bndbox>
	</object>
</annotation>
