<annotation>
	<folder>daisy</folder>
	<filename>5626784099_b36dd3fb11_n.jpg</filename>
	<path>C:\Users\surba\Downloads\new_flowers_dataset\daisy\5626784099_b36dd3fb11_n.jpg</path>
	<source>
		<database>Unknown</database>
	</source>
	<size>
		<width>320</width>
		<height>240</height>
		<depth>3</depth>
	</size>
	<segmented>0</segmented>
	<object>
		<name>daisy</name>
		<pose>Unspecified</pose>
		<truncated>0</truncated>
		<difficult>0</difficult>
		<bndbox>
			<xmin>58</xmin>
			<ymin>40</ymin>
			<xmax>250</xmax>
			<ymax>233</ymax>
		</bndbox>
	</object>
</annotation>
