<annotation>
	<folder>dandelion</folder>
	<filename>5681951567_d3b03bfd2a_m.jpg</filename>
	<path>C:\Users\surba\Downloads\new_flowers_dataset\dandelion\5681951567_d3b03bfd2a_m.jpg</path>
	<source>
		<database>Unknown</database>
	</source>
	<size>
		<width>203</width>
		<height>240</height>
		<depth>3</depth>
	</size>
	<segmented>0</segmented>
	<object>
		<name>dandelion_yellow</name>
		<pose>Unspecified</pose>
		<truncated>0</truncated>
		<difficult>0</difficult>
		<bndbox>
			<xmin>64</xmin>
			<ymin>100</ymin>
			<xmax>173</xmax>
			<ymax>177</ymax>
		</bndbox>
	</object>
</annotation>
