<annotation>
	<folder>daisy</folder>
	<filename>5684911529_88a7ae32ba_n.jpg</filename>
	<path>C:\Users\surba\Downloads\new_flowers_dataset\daisy\5684911529_88a7ae32ba_n.jpg</path>
	<source>
		<database>Unknown</database>
	</source>
	<size>
		<width>320</width>
		<height>213</height>
		<depth>3</depth>
	</size>
	<segmented>0</segmented>
	<object>
		<name>daisy</name>
		<pose>Unspecified</pose>
		<truncated>1</truncated>
		<difficult>0</difficult>
		<bndbox>
			<xmin>36</xmin>
			<ymin>154</ymin>
			<xmax>192</xmax>
			<ymax>213</ymax>
		</bndbox>
	</object>
	<object>
		<name>daisy</name>
		<pose>Unspecified</pose>
		<truncated>1</truncated>
		<difficult>0</difficult>
		<bndbox>
			<xmin>233</xmin>
			<ymin>86</ymin>
			<xmax>320</xmax>
			<ymax>200</ymax>
		</bndbox>
	</object>
	<object>
		<name>daisy</name>
		<pose>Unspecified</pose>
		<truncated>0</truncated>
		<difficult>0</difficult>
		<bndbox>
			<xmin>3</xmin>
			<ymin>40</ymin>
			<xmax>205</xmax>
			<ymax>163</ymax>
		</bndbox>
	</object>
</annotation>
