<annotation>
	<folder>tulip</folder>
	<filename>5704726114_a92f753514.jpg</filename>
	<path>C:\Users\surba\Downloads\new_flowers_dataset\tulip\5704726114_a92f753514.jpg</path>
	<source>
		<database>Unknown</database>
	</source>
	<size>
		<width>500</width>
		<height>333</height>
		<depth>3</depth>
	</size>
	<segmented>0</segmented>
	<object>
		<name>tulip</name>
		<pose>Unspecified</pose>
		<truncated>0</truncated>
		<difficult>0</difficult>
		<bndbox>
			<xmin>136</xmin>
			<ymin>77</ymin>
			<xmax>278</xmax>
			<ymax>281</ymax>
		</bndbox>
	</object>
	<object>
		<name>tulip</name>
		<pose>Unspecified</pose>
		<truncated>0</truncated>
		<difficult>0</difficult>
		<bndbox>
			<xmin>346</xmin>
			<ymin>136</ymin>
			<xmax>444</xmax>
			<ymax>297</ymax>
		</bndbox>
	</object>
</annotation>
