<annotation>
	<folder>dandelion</folder>
	<filename>5744236092_de84b4e38d_n.jpg</filename>
	<path>C:\Users\surba\Downloads\new_flowers_dataset\dandelion\5744236092_de84b4e38d_n.jpg</path>
	<source>
		<database>Unknown</database>
	</source>
	<size>
		<width>320</width>
		<height>240</height>
		<depth>3</depth>
	</size>
	<segmented>0</segmented>
	<object>
		<name>dandelion_yellow</name>
		<pose>Unspecified</pose>
		<truncated>0</truncated>
		<difficult>0</difficult>
		<bndbox>
			<xmin>122</xmin>
			<ymin>62</ymin>
			<xmax>235</xmax>
			<ymax>167</ymax>
		</bndbox>
	</object>
</annotation>
