<annotation>
	<folder>dandelion</folder>
	<filename>5762590366_5cf7a32b87_n.jpg</filename>
	<path>C:\Users\surba\Downloads\new_flowers_dataset\dandelion\5762590366_5cf7a32b87_n.jpg</path>
	<source>
		<database>Unknown</database>
	</source>
	<size>
		<width>320</width>
		<height>240</height>
		<depth>3</depth>
	</size>
	<segmented>0</segmented>
	<object>
		<name>dandelion_yellow</name>
		<pose>Unspecified</pose>
		<truncated>0</truncated>
		<difficult>0</difficult>
		<bndbox>
			<xmin>83</xmin>
			<ymin>77</ymin>
			<xmax>244</xmax>
			<ymax>169</ymax>
		</bndbox>
	</object>
</annotation>
