<annotation>
	<folder>rose</folder>
	<filename>5777669976_a205f61e5b.jpg</filename>
	<path>C:\Users\surba\Downloads\new_flowers_dataset\rose\5777669976_a205f61e5b.jpg</path>
	<source>
		<database>Unknown</database>
	</source>
	<size>
		<width>500</width>
		<height>333</height>
		<depth>3</depth>
	</size>
	<segmented>0</segmented>
	<object>
		<name>rose</name>
		<pose>Unspecified</pose>
		<truncated>0</truncated>
		<difficult>0</difficult>
		<bndbox>
			<xmin>183</xmin>
			<ymin>17</ymin>
			<xmax>250</xmax>
			<ymax>52</ymax>
		</bndbox>
	</object>
	<object>
		<name>rose</name>
		<pose>Unspecified</pose>
		<truncated>0</truncated>
		<difficult>0</difficult>
		<bndbox>
			<xmin>316</xmin>
			<ymin>64</ymin>
			<xmax>380</xmax>
			<ymax>113</ymax>
		</bndbox>
	</object>
	<object>
		<name>rose</name>
		<pose>Unspecified</pose>
		<truncated>1</truncated>
		<difficult>0</difficult>
		<bndbox>
			<xmin>439</xmin>
			<ymin>21</ymin>
			<xmax>500</xmax>
			<ymax>83</ymax>
		</bndbox>
	</object>
	<object>
		<name>rose</name>
		<pose>Unspecified</pose>
		<truncated>1</truncated>
		<difficult>0</difficult>
		<bndbox>
			<xmin>405</xmin>
			<ymin>76</ymin>
			<xmax>500</xmax>
			<ymax>159</ymax>
		</bndbox>
	</object>
	<object>
		<name>rose</name>
		<pose>Unspecified</pose>
		<truncated>0</truncated>
		<difficult>0</difficult>
		<bndbox>
			<xmin>90</xmin>
			<ymin>98</ymin>
			<xmax>170</xmax>
			<ymax>154</ymax>
		</bndbox>
	</object>
	<object>
		<name>rose</name>
		<pose>Unspecified</pose>
		<truncated>0</truncated>
		<difficult>0</difficult>
		<bndbox>
			<xmin>16</xmin>
			<ymin>245</ymin>
			<xmax>83</xmax>
			<ymax>301</ymax>
		</bndbox>
	</object>
	<object>
		<name>rose</name>
		<pose>Unspecified</pose>
		<truncated>0</truncated>
		<difficult>0</difficult>
		<bndbox>
			<xmin>72</xmin>
			<ymin>263</ymin>
			<xmax>144</xmax>
			<ymax>332</ymax>
		</bndbox>
	</object>
	<object>
		<name>rose</name>
		<pose>Unspecified</pose>
		<truncated>0</truncated>
		<difficult>0</difficult>
		<bndbox>
			<xmin>194</xmin>
			<ymin>132</ymin>
			<xmax>286</xmax>
			<ymax>212</ymax>
		</bndbox>
	</object>
</annotation>
