<annotation>
	<folder>daisy</folder>
	<filename>5794835_d15905c7c8_n.jpg</filename>
	<path>C:\Users\surba\Downloads\new_flowers_dataset\daisy\5794835_d15905c7c8_n.jpg</path>
	<source>
		<database>Unknown</database>
	</source>
	<size>
		<width>320</width>
		<height>240</height>
		<depth>3</depth>
	</size>
	<segmented>0</segmented>
	<object>
		<name>daisy</name>
		<pose>Unspecified</pose>
		<truncated>0</truncated>
		<difficult>0</difficult>
		<bndbox>
			<xmin>13</xmin>
			<ymin>22</ymin>
			<xmax>298</xmax>
			<ymax>154</ymax>
		</bndbox>
	</object>
</annotation>
