<annotation>
	<folder>daisy</folder>
	<filename>5796562389_ae43c83317_m.jpg</filename>
	<path>C:\Users\surba\Downloads\new_flowers_dataset\daisy\5796562389_ae43c83317_m.jpg</path>
	<source>
		<database>Unknown</database>
	</source>
	<size>
		<width>170</width>
		<height>240</height>
		<depth>3</depth>
	</size>
	<segmented>0</segmented>
	<object>
		<name>daisy</name>
		<pose>Unspecified</pose>
		<truncated>0</truncated>
		<difficult>0</difficult>
		<bndbox>
			<xmin>43</xmin>
			<ymin>54</ymin>
			<xmax>96</xmax>
			<ymax>103</ymax>
		</bndbox>
	</object>
</annotation>
