<annotation>
	<folder>dandelion</folder>
	<filename>5863928177_8ae1425e76_n.jpg</filename>
	<path>C:\Users\surba\Downloads\new_flowers_dataset\dandelion\5863928177_8ae1425e76_n.jpg</path>
	<source>
		<database>Unknown</database>
	</source>
	<size>
		<width>320</width>
		<height>228</height>
		<depth>3</depth>
	</size>
	<segmented>0</segmented>
	<object>
		<name>dandelion_white</name>
		<pose>Unspecified</pose>
		<truncated>1</truncated>
		<difficult>0</difficult>
		<bndbox>
			<xmin>94</xmin>
			<ymin>1</ymin>
			<xmax>211</xmax>
			<ymax>98</ymax>
		</bndbox>
	</object>
	<object>
		<name>dandelion_yellow</name>
		<pose>Unspecified</pose>
		<truncated>0</truncated>
		<difficult>0</difficult>
		<bndbox>
			<xmin>43</xmin>
			<ymin>93</ymin>
			<xmax>217</xmax>
			<ymax>227</ymax>
		</bndbox>
	</object>
</annotation>
