<annotation>
	<folder>daisy</folder>
	<filename>5881907044_92a85a05c8_n.jpg</filename>
	<path>C:\Users\surba\Downloads\new_flowers_dataset\daisy\5881907044_92a85a05c8_n.jpg</path>
	<source>
		<database>Unknown</database>
	</source>
	<size>
		<width>320</width>
		<height>281</height>
		<depth>3</depth>
	</size>
	<segmented>0</segmented>
	<object>
		<name>daisy</name>
		<pose>Unspecified</pose>
		<truncated>0</truncated>
		<difficult>0</difficult>
		<bndbox>
			<xmin>65</xmin>
			<ymin>59</ymin>
			<xmax>258</xmax>
			<ymax>234</ymax>
		</bndbox>
	</object>
</annotation>
