<annotation>
	<folder>daisy</folder>
	<filename>5904946193_bd1eb1f39d_n.jpg</filename>
	<path>C:\Users\surba\Downloads\new_flowers_dataset\daisy\5904946193_bd1eb1f39d_n.jpg</path>
	<source>
		<database>Unknown</database>
	</source>
	<size>
		<width>160</width>
		<height>240</height>
		<depth>3</depth>
	</size>
	<segmented>0</segmented>
	<object>
		<name>daisy</name>
		<pose>Unspecified</pose>
		<truncated>1</truncated>
		<difficult>0</difficult>
		<bndbox>
			<xmin>3</xmin>
			<ymin>81</ymin>
			<xmax>160</xmax>
			<ymax>180</ymax>
		</bndbox>
	</object>
</annotation>
