<annotation>
	<folder>daisy</folder>
	<filename>5924910021_b6debeb7b5_n.jpg</filename>
	<path>C:\Users\surba\Downloads\new_flowers_dataset\daisy\5924910021_b6debeb7b5_n.jpg</path>
	<source>
		<database>Unknown</database>
	</source>
	<size>
		<width>159</width>
		<height>240</height>
		<depth>3</depth>
	</size>
	<segmented>0</segmented>
	<object>
		<name>daisy</name>
		<pose>Unspecified</pose>
		<truncated>1</truncated>
		<difficult>0</difficult>
		<bndbox>
			<xmin>1</xmin>
			<ymin>47</ymin>
			<xmax>131</xmax>
			<ymax>182</ymax>
		</bndbox>
	</object>
</annotation>
