<annotation>
	<folder>daisy</folder>
	<filename>5948835387_5a98d39eff_m.jpg</filename>
	<path>C:\Users\surba\Downloads\new_flowers_dataset\daisy\5948835387_5a98d39eff_m.jpg</path>
	<source>
		<database>Unknown</database>
	</source>
	<size>
		<width>175</width>
		<height>240</height>
		<depth>3</depth>
	</size>
	<segmented>0</segmented>
	<object>
		<name>daisy</name>
		<pose>Unspecified</pose>
		<truncated>0</truncated>
		<difficult>0</difficult>
		<bndbox>
			<xmin>8</xmin>
			<ymin>46</ymin>
			<xmax>157</xmax>
			<ymax>183</ymax>
		</bndbox>
	</object>
</annotation>
