<annotation>
	<folder>sunflower</folder>
	<filename>5956627065_075880a1cc_n.jpg</filename>
	<path>C:\Users\surba\Downloads\new_flowers_dataset\sunflower\5956627065_075880a1cc_n.jpg</path>
	<source>
		<database>Unknown</database>
	</source>
	<size>
		<width>240</width>
		<height>159</height>
		<depth>3</depth>
	</size>
	<segmented>0</segmented>
	<object>
		<name>sunflower</name>
		<pose>Unspecified</pose>
		<truncated>1</truncated>
		<difficult>0</difficult>
		<bndbox>
			<xmin>180</xmin>
			<ymin>1</ymin>
			<xmax>240</xmax>
			<ymax>70</ymax>
		</bndbox>
	</object>
	<object>
		<name>sunflower</name>
		<pose>Unspecified</pose>
		<truncated>0</truncated>
		<difficult>0</difficult>
		<bndbox>
			<xmin>54</xmin>
			<ymin>28</ymin>
			<xmax>178</xmax>
			<ymax>152</ymax>
		</bndbox>
	</object>
</annotation>
