<annotation>
	<folder>sunflower</folder>
	<filename>5970300143_36b42437de_n.jpg</filename>
	<path>C:\Users\surba\Downloads\new_flowers_dataset\sunflower\5970300143_36b42437de_n.jpg</path>
	<source>
		<database>Unknown</database>
	</source>
	<size>
		<width>320</width>
		<height>240</height>
		<depth>3</depth>
	</size>
	<segmented>0</segmented>
	<object>
		<name>sunflower</name>
		<pose>Unspecified</pose>
		<truncated>0</truncated>
		<difficult>0</difficult>
		<bndbox>
			<xmin>170</xmin>
			<ymin>39</ymin>
			<xmax>285</xmax>
			<ymax>155</ymax>
		</bndbox>
	</object>
	<object>
		<name>sunflower</name>
		<pose>Unspecified</pose>
		<truncated>0</truncated>
		<difficult>0</difficult>
		<bndbox>
			<xmin>35</xmin>
			<ymin>26</ymin>
			<xmax>160</xmax>
			<ymax>158</ymax>
		</bndbox>
	</object>
</annotation>
