<annotation>
	<folder>rose</folder>
	<filename>5990626258_697f007308_n.jpg</filename>
	<path>C:\Users\surba\Downloads\new_flowers_dataset\rose\5990626258_697f007308_n.jpg</path>
	<source>
		<database>Unknown</database>
	</source>
	<size>
		<width>320</width>
		<height>240</height>
		<depth>3</depth>
	</size>
	<segmented>0</segmented>
	<object>
		<name>rose</name>
		<pose>Unspecified</pose>
		<truncated>0</truncated>
		<difficult>0</difficult>
		<bndbox>
			<xmin>206</xmin>
			<ymin>60</ymin>
			<xmax>315</xmax>
			<ymax>153</ymax>
		</bndbox>
	</object>
	<object>
		<name>rose</name>
		<pose>Unspecified</pose>
		<truncated>0</truncated>
		<difficult>0</difficult>
		<bndbox>
			<xmin>10</xmin>
			<ymin>57</ymin>
			<xmax>106</xmax>
			<ymax>146</ymax>
		</bndbox>
	</object>
</annotation>
