<annotation>
	<folder>sunflower</folder>
	<filename>5995136822_8e1eed76f5_n.jpg</filename>
	<path>C:\Users\surba\Downloads\new_flowers_dataset\sunflower\5995136822_8e1eed76f5_n.jpg</path>
	<source>
		<database>Unknown</database>
	</source>
	<size>
		<width>320</width>
		<height>240</height>
		<depth>3</depth>
	</size>
	<segmented>0</segmented>
	<object>
		<name>sunflower</name>
		<pose>Unspecified</pose>
		<truncated>0</truncated>
		<difficult>0</difficult>
		<bndbox>
			<xmin>86</xmin>
			<ymin>46</ymin>
			<xmax>232</xmax>
			<ymax>193</ymax>
		</bndbox>
	</object>
</annotation>
