<annotation>
	<folder>sunflower</folder>
	<filename>6104713425_8a3277e34a.jpg</filename>
	<path>C:\Users\surba\Downloads\new_flowers_dataset\sunflower\6104713425_8a3277e34a.jpg</path>
	<source>
		<database>Unknown</database>
	</source>
	<size>
		<width>500</width>
		<height>333</height>
		<depth>3</depth>
	</size>
	<segmented>0</segmented>
	<object>
		<name>sunflower</name>
		<pose>Unspecified</pose>
		<truncated>0</truncated>
		<difficult>0</difficult>
		<bndbox>
			<xmin>127</xmin>
			<ymin>17</ymin>
			<xmax>404</xmax>
			<ymax>296</ymax>
		</bndbox>
	</object>
</annotation>
