<annotation>
	<folder>dandelion</folder>
	<filename>6104442744_ee2bcd32e7_n.jpg</filename>
	<path>C:\Users\surba\Downloads\new_flowers_dataset\dandelion\6104442744_ee2bcd32e7_n.jpg</path>
	<source>
		<database>Unknown</database>
	</source>
	<size>
		<width>320</width>
		<height>240</height>
		<depth>3</depth>
	</size>
	<segmented>0</segmented>
	<object>
		<name>dandelion_white</name>
		<pose>Unspecified</pose>
		<truncated>0</truncated>
		<difficult>0</difficult>
		<bndbox>
			<xmin>42</xmin>
			<ymin>21</ymin>
			<xmax>215</xmax>
			<ymax>178</ymax>
		</bndbox>
	</object>
</annotation>
