<annotation>
	<folder>dandelion</folder>
	<filename>6146107825_45f708ecd7_n.jpg</filename>
	<path>C:\Users\surba\Downloads\new_flowers_dataset\dandelion\6146107825_45f708ecd7_n.jpg</path>
	<source>
		<database>Unknown</database>
	</source>
	<size>
		<width>320</width>
		<height>213</height>
		<depth>3</depth>
	</size>
	<segmented>0</segmented>
	<object>
		<name>dandelion_yellow</name>
		<pose>Unspecified</pose>
		<truncated>0</truncated>
		<difficult>0</difficult>
		<bndbox>
			<xmin>99</xmin>
			<ymin>44</ymin>
			<xmax>276</xmax>
			<ymax>174</ymax>
		</bndbox>
	</object>
</annotation>
