<annotation>
	<folder>sunflower</folder>
	<filename>6198569587_23c3693328_m.jpg</filename>
	<path>C:\Users\surba\Downloads\new_flowers_dataset\sunflower\6198569587_23c3693328_m.jpg</path>
	<source>
		<database>Unknown</database>
	</source>
	<size>
		<width>180</width>
		<height>240</height>
		<depth>3</depth>
	</size>
	<segmented>0</segmented>
	<object>
		<name>sunflower</name>
		<pose>Unspecified</pose>
		<truncated>0</truncated>
		<difficult>0</difficult>
		<bndbox>
			<xmin>23</xmin>
			<ymin>36</ymin>
			<xmax>38</xmax>
			<ymax>50</ymax>
		</bndbox>
	</object>
	<object>
		<name>sunflower</name>
		<pose>Unspecified</pose>
		<truncated>0</truncated>
		<difficult>0</difficult>
		<bndbox>
			<xmin>63</xmin>
			<ymin>26</ymin>
			<xmax>131</xmax>
			<ymax>91</ymax>
		</bndbox>
	</object>
</annotation>
