<annotation>
	<folder>sunflower</folder>
	<filename>6199086734_b7ddc65816_m.jpg</filename>
	<path>C:\Users\surba\Downloads\new_flowers_dataset\sunflower\6199086734_b7ddc65816_m.jpg</path>
	<source>
		<database>Unknown</database>
	</source>
	<size>
		<width>180</width>
		<height>240</height>
		<depth>3</depth>
	</size>
	<segmented>0</segmented>
	<object>
		<name>sunflower</name>
		<pose>Unspecified</pose>
		<truncated>0</truncated>
		<difficult>0</difficult>
		<bndbox>
			<xmin>2</xmin>
			<ymin>43</ymin>
			<xmax>42</xmax>
			<ymax>74</ymax>
		</bndbox>
	</object>
	<object>
		<name>sunflower</name>
		<pose>Unspecified</pose>
		<truncated>0</truncated>
		<difficult>0</difficult>
		<bndbox>
			<xmin>139</xmin>
			<ymin>41</ymin>
			<xmax>162</xmax>
			<ymax>62</ymax>
		</bndbox>
	</object>
	<object>
		<name>sunflower</name>
		<pose>Unspecified</pose>
		<truncated>0</truncated>
		<difficult>0</difficult>
		<bndbox>
			<xmin>51</xmin>
			<ymin>17</ymin>
			<xmax>151</xmax>
			<ymax>120</ymax>
		</bndbox>
	</object>
</annotation>
