<annotation>
	<folder>rose</folder>
	<filename>6280787884_141cd7b382_n.jpg</filename>
	<path>C:\Users\surba\Downloads\new_flowers_dataset\rose\6280787884_141cd7b382_n.jpg</path>
	<source>
		<database>Unknown</database>
	</source>
	<size>
		<width>320</width>
		<height>200</height>
		<depth>3</depth>
	</size>
	<segmented>0</segmented>
	<object>
		<name>rose</name>
		<pose>Unspecified</pose>
		<truncated>0</truncated>
		<difficult>0</difficult>
		<bndbox>
			<xmin>15</xmin>
			<ymin>62</ymin>
			<xmax>146</xmax>
			<ymax>156</ymax>
		</bndbox>
	</object>
	<object>
		<name>rose</name>
		<pose>Unspecified</pose>
		<truncated>0</truncated>
		<difficult>0</difficult>
		<bndbox>
			<xmin>145</xmin>
			<ymin>59</ymin>
			<xmax>304</xmax>
			<ymax>175</ymax>
		</bndbox>
	</object>
</annotation>
