<annotation>
	<folder>sunflower</folder>
	<filename>6482016425_d8fab362f6.jpg</filename>
	<path>C:\Users\surba\Downloads\new_flowers_dataset\sunflower\6482016425_d8fab362f6.jpg</path>
	<source>
		<database>Unknown</database>
	</source>
	<size>
		<width>500</width>
		<height>333</height>
		<depth>3</depth>
	</size>
	<segmented>0</segmented>
	<object>
		<name>sunflower</name>
		<pose>Unspecified</pose>
		<truncated>0</truncated>
		<difficult>0</difficult>
		<bndbox>
			<xmin>153</xmin>
			<ymin>81</ymin>
			<xmax>341</xmax>
			<ymax>266</ymax>
		</bndbox>
	</object>
</annotation>
