<annotation>
	<folder>daisy</folder>
	<filename>6596277835_9f86da54bb.jpg</filename>
	<path>C:\Users\surba\Downloads\new_flowers_dataset\daisy\6596277835_9f86da54bb.jpg</path>
	<source>
		<database>Unknown</database>
	</source>
	<size>
		<width>500</width>
		<height>319</height>
		<depth>3</depth>
	</size>
	<segmented>0</segmented>
	<object>
		<name>daisy</name>
		<pose>Unspecified</pose>
		<truncated>0</truncated>
		<difficult>0</difficult>
		<bndbox>
			<xmin>281</xmin>
			<ymin>92</ymin>
			<xmax>438</xmax>
			<ymax>203</ymax>
		</bndbox>
	</object>
</annotation>
