<annotation>
	<folder>sunflower</folder>
	<filename>6606815161_3c4372760f.jpg</filename>
	<path>C:\Users\surba\Downloads\new_flowers_dataset\sunflower\6606815161_3c4372760f.jpg</path>
	<source>
		<database>Unknown</database>
	</source>
	<size>
		<width>500</width>
		<height>332</height>
		<depth>3</depth>
	</size>
	<segmented>0</segmented>
	<object>
		<name>sunflower</name>
		<pose>Unspecified</pose>
		<truncated>0</truncated>
		<difficult>0</difficult>
		<bndbox>
			<xmin>100</xmin>
			<ymin>15</ymin>
			<xmax>427</xmax>
			<ymax>298</ymax>
		</bndbox>
	</object>
</annotation>
