<annotation>
	<folder>rose</folder>
	<filename>6653567281_768a1fd160.jpg</filename>
	<path>C:\Users\surba\Downloads\new_flowers_dataset\rose\6653567281_768a1fd160.jpg</path>
	<source>
		<database>Unknown</database>
	</source>
	<size>
		<width>500</width>
		<height>334</height>
		<depth>3</depth>
	</size>
	<segmented>0</segmented>
	<object>
		<name>rose</name>
		<pose>Unspecified</pose>
		<truncated>0</truncated>
		<difficult>0</difficult>
		<bndbox>
			<xmin>123</xmin>
			<ymin>155</ymin>
			<xmax>284</xmax>
			<ymax>316</ymax>
		</bndbox>
	</object>
	<object>
		<name>rose</name>
		<pose>Unspecified</pose>
		<truncated>0</truncated>
		<difficult>0</difficult>
		<bndbox>
			<xmin>319</xmin>
			<ymin>124</ymin>
			<xmax>460</xmax>
			<ymax>296</ymax>
		</bndbox>
	</object>
	<object>
		<name>rose</name>
		<pose>Unspecified</pose>
		<truncated>0</truncated>
		<difficult>0</difficult>
		<bndbox>
			<xmin>222</xmin>
			<ymin>108</ymin>
			<xmax>326</xmax>
			<ymax>246</ymax>
		</bndbox>
	</object>
	<object>
		<name>rose</name>
		<pose>Unspecified</pose>
		<truncated>0</truncated>
		<difficult>0</difficult>
		<bndbox>
			<xmin>22</xmin>
			<ymin>134</ymin>
			<xmax>147</xmax>
			<ymax>270</ymax>
		</bndbox>
	</object>
</annotation>
