<annotation>
	<folder>daisy</folder>
	<filename>6864242336_0d12713fe5_n.jpg</filename>
	<path>C:\Users\surba\Downloads\new_flowers_dataset\daisy\6864242336_0d12713fe5_n.jpg</path>
	<source>
		<database>Unknown</database>
	</source>
	<size>
		<width>320</width>
		<height>240</height>
		<depth>3</depth>
	</size>
	<segmented>0</segmented>
	<object>
		<name>daisy</name>
		<pose>Unspecified</pose>
		<truncated>0</truncated>
		<difficult>0</difficult>
		<bndbox>
			<xmin>87</xmin>
			<ymin>56</ymin>
			<xmax>229</xmax>
			<ymax>174</ymax>
		</bndbox>
	</object>
</annotation>
