<annotation>
	<folder>rose</folder>
	<filename>6867597533_d65d1c39fb_n.jpg</filename>
	<path>C:\Users\surba\Downloads\new_flowers_dataset\rose\6867597533_d65d1c39fb_n.jpg</path>
	<source>
		<database>Unknown</database>
	</source>
	<size>
		<width>320</width>
		<height>240</height>
		<depth>3</depth>
	</size>
	<segmented>0</segmented>
	<object>
		<name>rose</name>
		<pose>Unspecified</pose>
		<truncated>0</truncated>
		<difficult>0</difficult>
		<bndbox>
			<xmin>118</xmin>
			<ymin>29</ymin>
			<xmax>218</xmax>
			<ymax>126</ymax>
		</bndbox>
	</object>
</annotation>
