<annotation>
	<folder>dandelion</folder>
	<filename>6953830582_8525e0423c_n.jpg</filename>
	<path>C:\Users\surba\Downloads\new_flowers_dataset\dandelion\6953830582_8525e0423c_n.jpg</path>
	<source>
		<database>Unknown</database>
	</source>
	<size>
		<width>320</width>
		<height>213</height>
		<depth>3</depth>
	</size>
	<segmented>0</segmented>
	<object>
		<name>dandelion_white</name>
		<pose>Unspecified</pose>
		<truncated>0</truncated>
		<difficult>0</difficult>
		<bndbox>
			<xmin>71</xmin>
			<ymin>18</ymin>
			<xmax>241</xmax>
			<ymax>189</ymax>
		</bndbox>
	</object>
</annotation>
