<annotation>
	<folder>dandelion</folder>
	<filename>6985099958_5249a4688b.jpg</filename>
	<path>C:\Users\surba\Downloads\new_flowers_dataset\dandelion\6985099958_5249a4688b.jpg</path>
	<source>
		<database>Unknown</database>
	</source>
	<size>
		<width>500</width>
		<height>333</height>
		<depth>3</depth>
	</size>
	<segmented>0</segmented>
	<object>
		<name>dandelion_white</name>
		<pose>Unspecified</pose>
		<truncated>0</truncated>
		<difficult>0</difficult>
		<bndbox>
			<xmin>34</xmin>
			<ymin>33</ymin>
			<xmax>290</xmax>
			<ymax>246</ymax>
		</bndbox>
	</object>
</annotation>
