<annotation>
	<folder>dandelion</folder>
	<filename>7132605107_f5e033d725_n.jpg</filename>
	<path>C:\Users\surba\Downloads\new_flowers_dataset\dandelion\7132605107_f5e033d725_n.jpg</path>
	<source>
		<database>Unknown</database>
	</source>
	<size>
		<width>320</width>
		<height>213</height>
		<depth>3</depth>
	</size>
	<segmented>0</segmented>
	<object>
		<name>dandelion_yellow</name>
		<pose>Unspecified</pose>
		<truncated>0</truncated>
		<difficult>0</difficult>
		<bndbox>
			<xmin>23</xmin>
			<ymin>39</ymin>
			<xmax>192</xmax>
			<ymax>190</ymax>
		</bndbox>
	</object>
</annotation>
