<annotation>
	<folder>dandelion</folder>
	<filename>7179487220_56e4725195_m.jpg</filename>
	<path>C:\Users\surba\Downloads\new_flowers_dataset\dandelion\7179487220_56e4725195_m.jpg</path>
	<source>
		<database>Unknown</database>
	</source>
	<size>
		<width>240</width>
		<height>240</height>
		<depth>3</depth>
	</size>
	<segmented>0</segmented>
	<object>
		<name>dandelion_yellow</name>
		<pose>Unspecified</pose>
		<truncated>0</truncated>
		<difficult>0</difficult>
		<bndbox>
			<xmin>51</xmin>
			<ymin>67</ymin>
			<xmax>197</xmax>
			<ymax>161</ymax>
		</bndbox>
	</object>
</annotation>
