<annotation>
	<folder>rose</folder>
	<filename>7187035716_5d0fb95c31_n.jpg</filename>
	<path>C:\Users\surba\Downloads\new_flowers_dataset\rose\7187035716_5d0fb95c31_n.jpg</path>
	<source>
		<database>Unknown</database>
	</source>
	<size>
		<width>320</width>
		<height>237</height>
		<depth>3</depth>
	</size>
	<segmented>0</segmented>
	<object>
		<name>rose</name>
		<pose>Unspecified</pose>
		<truncated>0</truncated>
		<difficult>0</difficult>
		<bndbox>
			<xmin>42</xmin>
			<ymin>8</ymin>
			<xmax>284</xmax>
			<ymax>215</ymax>
		</bndbox>
	</object>
</annotation>
