<annotation>
	<folder>daisy</folder>
	<filename>7191221492_610035de7c_m.jpg</filename>
	<path>C:\Users\surba\Downloads\new_flowers_dataset\daisy\7191221492_610035de7c_m.jpg</path>
	<source>
		<database>Unknown</database>
	</source>
	<size>
		<width>240</width>
		<height>240</height>
		<depth>3</depth>
	</size>
	<segmented>0</segmented>
	<object>
		<name>daisy</name>
		<pose>Unspecified</pose>
		<truncated>1</truncated>
		<difficult>0</difficult>
		<bndbox>
			<xmin>1</xmin>
			<ymin>31</ymin>
			<xmax>239</xmax>
			<ymax>212</ymax>
		</bndbox>
	</object>
</annotation>
