<annotation>
	<folder>dandelion</folder>
	<filename>7193058132_36fd883048_m.jpg</filename>
	<path>C:\Users\surba\Downloads\new_flowers_dataset\dandelion\7193058132_36fd883048_m.jpg</path>
	<source>
		<database>Unknown</database>
	</source>
	<size>
		<width>240</width>
		<height>240</height>
		<depth>3</depth>
	</size>
	<segmented>0</segmented>
	<object>
		<name>dandelion_white</name>
		<pose>Unspecified</pose>
		<truncated>0</truncated>
		<difficult>0</difficult>
		<bndbox>
			<xmin>62</xmin>
			<ymin>25</ymin>
			<xmax>176</xmax>
			<ymax>125</ymax>
		</bndbox>
	</object>
	<object>
		<name>dandelion_white</name>
		<pose>Unspecified</pose>
		<truncated>0</truncated>
		<difficult>0</difficult>
		<bndbox>
			<xmin>100</xmin>
			<ymin>86</ymin>
			<xmax>215</xmax>
			<ymax>198</ymax>
		</bndbox>
	</object>
</annotation>
