<annotation>
	<folder>dandelion</folder>
	<filename>7249354462_21925f7d95_n.jpg</filename>
	<path>C:\Users\surba\Downloads\new_flowers_dataset\dandelion\7249354462_21925f7d95_n.jpg</path>
	<source>
		<database>Unknown</database>
	</source>
	<size>
		<width>320</width>
		<height>213</height>
		<depth>3</depth>
	</size>
	<segmented>0</segmented>
	<object>
		<name>dandelion_white</name>
		<pose>Unspecified</pose>
		<truncated>0</truncated>
		<difficult>0</difficult>
		<bndbox>
			<xmin>115</xmin>
			<ymin>73</ymin>
			<xmax>197</xmax>
			<ymax>151</ymax>
		</bndbox>
	</object>
</annotation>
