<annotation>
	<folder>rose</folder>
	<filename>7285188160_49d84b95a3_m.jpg</filename>
	<path>C:\Users\surba\Downloads\new_flowers_dataset\rose\7285188160_49d84b95a3_m.jpg</path>
	<source>
		<database>Unknown</database>
	</source>
	<size>
		<width>240</width>
		<height>240</height>
		<depth>3</depth>
	</size>
	<segmented>0</segmented>
	<object>
		<name>rose</name>
		<pose>Unspecified</pose>
		<truncated>0</truncated>
		<difficult>0</difficult>
		<bndbox>
			<xmin>28</xmin>
			<ymin>40</ymin>
			<xmax>206</xmax>
			<ymax>181</ymax>
		</bndbox>
	</object>
</annotation>
