<annotation>
	<folder>dandelion</folder>
	<filename>7291185504_b740bbeba4_m.jpg</filename>
	<path>C:\Users\surba\Downloads\new_flowers_dataset\dandelion\7291185504_b740bbeba4_m.jpg</path>
	<source>
		<database>Unknown</database>
	</source>
	<size>
		<width>240</width>
		<height>240</height>
		<depth>3</depth>
	</size>
	<segmented>0</segmented>
	<object>
		<name>dandelion_white</name>
		<pose>Unspecified</pose>
		<truncated>0</truncated>
		<difficult>0</difficult>
		<bndbox>
			<xmin>52</xmin>
			<ymin>34</ymin>
			<xmax>188</xmax>
			<ymax>165</ymax>
		</bndbox>
	</object>
</annotation>
