<annotation>
	<folder>rose</folder>
	<filename>7345657862_689366e79a.jpg</filename>
	<path>C:\Users\surba\Downloads\new_flowers_dataset\rose\7345657862_689366e79a.jpg</path>
	<source>
		<database>Unknown</database>
	</source>
	<size>
		<width>500</width>
		<height>322</height>
		<depth>3</depth>
	</size>
	<segmented>0</segmented>
	<object>
		<name>rose</name>
		<pose>Unspecified</pose>
		<truncated>0</truncated>
		<difficult>0</difficult>
		<bndbox>
			<xmin>233</xmin>
			<ymin>17</ymin>
			<xmax>464</xmax>
			<ymax>255</ymax>
		</bndbox>
	</object>
</annotation>
