<annotation>
	<folder>sunflower</folder>
	<filename>7369484298_332f69bd88_n.jpg</filename>
	<path>C:\Users\surba\Downloads\new_flowers_dataset\sunflower\7369484298_332f69bd88_n.jpg</path>
	<source>
		<database>Unknown</database>
	</source>
	<size>
		<width>320</width>
		<height>240</height>
		<depth>3</depth>
	</size>
	<segmented>0</segmented>
	<object>
		<name>sunflower</name>
		<pose>Unspecified</pose>
		<truncated>0</truncated>
		<difficult>0</difficult>
		<bndbox>
			<xmin>81</xmin>
			<ymin>40</ymin>
			<xmax>218</xmax>
			<ymax>196</ymax>
		</bndbox>
	</object>
</annotation>
