<annotation>
	<folder>rose</folder>
	<filename>7376471712_e1be793f94.jpg</filename>
	<path>C:\Users\surba\Downloads\new_flowers_dataset\rose\7376471712_e1be793f94.jpg</path>
	<source>
		<database>Unknown</database>
	</source>
	<size>
		<width>500</width>
		<height>333</height>
		<depth>3</depth>
	</size>
	<segmented>0</segmented>
	<object>
		<name>rose</name>
		<pose>Unspecified</pose>
		<truncated>0</truncated>
		<difficult>0</difficult>
		<bndbox>
			<xmin>65</xmin>
			<ymin>13</ymin>
			<xmax>396</xmax>
			<ymax>325</ymax>
		</bndbox>
	</object>
</annotation>
