<annotation>
	<folder>rose</folder>
	<filename>7409458444_0bfc9a0682_n.jpg</filename>
	<path>C:\Users\surba\Downloads\new_flowers_dataset\rose\7409458444_0bfc9a0682_n.jpg</path>
	<source>
		<database>Unknown</database>
	</source>
	<size>
		<width>320</width>
		<height>277</height>
		<depth>3</depth>
	</size>
	<segmented>0</segmented>
	<object>
		<name>rose</name>
		<pose>Unspecified</pose>
		<truncated>0</truncated>
		<difficult>0</difficult>
		<bndbox>
			<xmin>27</xmin>
			<ymin>20</ymin>
			<xmax>225</xmax>
			<ymax>221</ymax>
		</bndbox>
	</object>
</annotation>
