<annotation>
	<folder>daisy</folder>
	<filename>7410356270_9dff4d0e2e_n.jpg</filename>
	<path>C:\Users\surba\Downloads\new_flowers_dataset\daisy\7410356270_9dff4d0e2e_n.jpg</path>
	<source>
		<database>Unknown</database>
	</source>
	<size>
		<width>320</width>
		<height>213</height>
		<depth>3</depth>
	</size>
	<segmented>0</segmented>
	<object>
		<name>daisy</name>
		<pose>Unspecified</pose>
		<truncated>0</truncated>
		<difficult>0</difficult>
		<bndbox>
			<xmin>73</xmin>
			<ymin>44</ymin>
			<xmax>267</xmax>
			<ymax>140</ymax>
		</bndbox>
	</object>
</annotation>
