<annotation>
	<folder>dandelion</folder>
	<filename>7425858848_d04dab08dd_n.jpg</filename>
	<path>C:\Users\surba\Downloads\new_flowers_dataset\dandelion\7425858848_d04dab08dd_n.jpg</path>
	<source>
		<database>Unknown</database>
	</source>
	<size>
		<width>320</width>
		<height>227</height>
		<depth>3</depth>
	</size>
	<segmented>0</segmented>
	<object>
		<name>dandelion_white</name>
		<pose>Unspecified</pose>
		<truncated>0</truncated>
		<difficult>0</difficult>
		<bndbox>
			<xmin>126</xmin>
			<ymin>30</ymin>
			<xmax>285</xmax>
			<ymax>166</ymax>
		</bndbox>
	</object>
</annotation>
