<annotation>
	<folder>rose</folder>
	<filename>7461878736_a55f749faf_n.jpg</filename>
	<path>C:\Users\surba\Downloads\new_flowers_dataset\rose\7461878736_a55f749faf_n.jpg</path>
	<source>
		<database>Unknown</database>
	</source>
	<size>
		<width>240</width>
		<height>159</height>
		<depth>3</depth>
	</size>
	<segmented>0</segmented>
	<object>
		<name>rose</name>
		<pose>Unspecified</pose>
		<truncated>0</truncated>
		<difficult>0</difficult>
		<bndbox>
			<xmin>25</xmin>
			<ymin>27</ymin>
			<xmax>138</xmax>
			<ymax>123</ymax>
		</bndbox>
	</object>
	<object>
		<name>rose</name>
		<pose>Unspecified</pose>
		<truncated>0</truncated>
		<difficult>0</difficult>
		<bndbox>
			<xmin>110</xmin>
			<ymin>27</ymin>
			<xmax>197</xmax>
			<ymax>121</ymax>
		</bndbox>
	</object>
</annotation>
