<annotation>
	<folder>rose</folder>
	<filename>7461898018_7e12128f14_n.jpg</filename>
	<path>C:\Users\surba\Downloads\new_flowers_dataset\rose\7461898018_7e12128f14_n.jpg</path>
	<source>
		<database>Unknown</database>
	</source>
	<size>
		<width>240</width>
		<height>159</height>
		<depth>3</depth>
	</size>
	<segmented>0</segmented>
	<object>
		<name>rose</name>
		<pose>Unspecified</pose>
		<truncated>0</truncated>
		<difficult>0</difficult>
		<bndbox>
			<xmin>8</xmin>
			<ymin>27</ymin>
			<xmax>86</xmax>
			<ymax>103</ymax>
		</bndbox>
	</object>
	<object>
		<name>rose</name>
		<pose>Unspecified</pose>
		<truncated>0</truncated>
		<difficult>0</difficult>
		<bndbox>
			<xmin>48</xmin>
			<ymin>69</ymin>
			<xmax>153</xmax>
			<ymax>155</ymax>
		</bndbox>
	</object>
	<object>
		<name>rose</name>
		<pose>Unspecified</pose>
		<truncated>0</truncated>
		<difficult>0</difficult>
		<bndbox>
			<xmin>144</xmin>
			<ymin>49</ymin>
			<xmax>236</xmax>
			<ymax>126</ymax>
		</bndbox>
	</object>
	<object>
		<name>rose</name>
		<pose>Unspecified</pose>
		<truncated>0</truncated>
		<difficult>0</difficult>
		<bndbox>
			<xmin>129</xmin>
			<ymin>2</ymin>
			<xmax>214</xmax>
			<ymax>44</ymax>
		</bndbox>
	</object>
</annotation>
