<annotation>
	<folder>rose</folder>
	<filename>7461897058_3c955efe2a_n.jpg</filename>
	<path>C:\Users\surba\Downloads\new_flowers_dataset\rose\7461897058_3c955efe2a_n.jpg</path>
	<source>
		<database>Unknown</database>
	</source>
	<size>
		<width>240</width>
		<height>159</height>
		<depth>3</depth>
	</size>
	<segmented>0</segmented>
	<object>
		<name>rose</name>
		<pose>Unspecified</pose>
		<truncated>0</truncated>
		<difficult>0</difficult>
		<bndbox>
			<xmin>60</xmin>
			<ymin>42</ymin>
			<xmax>175</xmax>
			<ymax>156</ymax>
		</bndbox>
	</object>
	<object>
		<name>rose</name>
		<pose>Unspecified</pose>
		<truncated>0</truncated>
		<difficult>0</difficult>
		<bndbox>
			<xmin>155</xmin>
			<ymin>51</ymin>
			<xmax>209</xmax>
			<ymax>119</ymax>
		</bndbox>
	</object>
</annotation>
