<annotation>
	<folder>rose</folder>
	<filename>7461897646_3203dbe067_n.jpg</filename>
	<path>C:\Users\surba\Downloads\new_flowers_dataset\rose\7461897646_3203dbe067_n.jpg</path>
	<source>
		<database>Unknown</database>
	</source>
	<size>
		<width>240</width>
		<height>159</height>
		<depth>3</depth>
	</size>
	<segmented>0</segmented>
	<object>
		<name>rose</name>
		<pose>Unspecified</pose>
		<truncated>1</truncated>
		<difficult>0</difficult>
		<bndbox>
			<xmin>1</xmin>
			<ymin>1</ymin>
			<xmax>116</xmax>
			<ymax>66</ymax>
		</bndbox>
	</object>
	<object>
		<name>rose</name>
		<pose>Unspecified</pose>
		<truncated>1</truncated>
		<difficult>0</difficult>
		<bndbox>
			<xmin>47</xmin>
			<ymin>29</ymin>
			<xmax>204</xmax>
			<ymax>159</ymax>
		</bndbox>
	</object>
</annotation>
