<annotation>
	<folder>daisy</folder>
	<filename>7538403124_f2fc48750a.jpg</filename>
	<path>C:\Users\surba\Downloads\new_flowers_dataset\daisy\7538403124_f2fc48750a.jpg</path>
	<source>
		<database>Unknown</database>
	</source>
	<size>
		<width>500</width>
		<height>324</height>
		<depth>3</depth>
	</size>
	<segmented>0</segmented>
	<object>
		<name>daisy</name>
		<pose>Unspecified</pose>
		<truncated>0</truncated>
		<difficult>0</difficult>
		<bndbox>
			<xmin>22</xmin>
			<ymin>29</ymin>
			<xmax>480</xmax>
			<ymax>216</ymax>
		</bndbox>
	</object>
</annotation>
