<annotation>
	<folder>daisy</folder>
	<filename>754296579_30a9ae018c_n.jpg</filename>
	<path>C:\Users\surba\Downloads\new_flowers_dataset\daisy\754296579_30a9ae018c_n.jpg</path>
	<source>
		<database>Unknown</database>
	</source>
	<size>
		<width>320</width>
		<height>213</height>
		<depth>3</depth>
	</size>
	<segmented>0</segmented>
	<object>
		<name>daisy</name>
		<pose>Unspecified</pose>
		<truncated>0</truncated>
		<difficult>0</difficult>
		<bndbox>
			<xmin>13</xmin>
			<ymin>45</ymin>
			<xmax>257</xmax>
			<ymax>179</ymax>
		</bndbox>
	</object>
</annotation>
