<annotation>
	<folder>sunflower</folder>
	<filename>7791014076_07a897cb85_n.jpg</filename>
	<path>C:\Users\surba\Downloads\new_flowers_dataset\sunflower\7791014076_07a897cb85_n.jpg</path>
	<source>
		<database>Unknown</database>
	</source>
	<size>
		<width>320</width>
		<height>256</height>
		<depth>3</depth>
	</size>
	<segmented>0</segmented>
	<object>
		<name>sunflower</name>
		<pose>Unspecified</pose>
		<truncated>0</truncated>
		<difficult>0</difficult>
		<bndbox>
			<xmin>47</xmin>
			<ymin>6</ymin>
			<xmax>278</xmax>
			<ymax>240</ymax>
		</bndbox>
	</object>
</annotation>
