<annotation>
	<folder>sunflower</folder>
	<filename>7804213238_1d92ae5edb_m.jpg</filename>
	<path>C:\Users\surba\Downloads\new_flowers_dataset\sunflower\7804213238_1d92ae5edb_m.jpg</path>
	<source>
		<database>Unknown</database>
	</source>
	<size>
		<width>221</width>
		<height>240</height>
		<depth>3</depth>
	</size>
	<segmented>0</segmented>
	<object>
		<name>sunflower</name>
		<pose>Unspecified</pose>
		<truncated>0</truncated>
		<difficult>0</difficult>
		<bndbox>
			<xmin>2</xmin>
			<ymin>13</ymin>
			<xmax>205</xmax>
			<ymax>225</ymax>
		</bndbox>
	</object>
</annotation>
