<annotation>
	<folder>rose</folder>
	<filename>7865295712_bcc94d120c.jpg</filename>
	<path>C:\Users\surba\Downloads\new_flowers_dataset\rose\7865295712_bcc94d120c.jpg</path>
	<source>
		<database>Unknown</database>
	</source>
	<size>
		<width>500</width>
		<height>333</height>
		<depth>3</depth>
	</size>
	<segmented>0</segmented>
	<object>
		<name>rose</name>
		<pose>Unspecified</pose>
		<truncated>0</truncated>
		<difficult>0</difficult>
		<bndbox>
			<xmin>244</xmin>
			<ymin>30</ymin>
			<xmax>371</xmax>
			<ymax>184</ymax>
		</bndbox>
	</object>
	<object>
		<name>rose</name>
		<pose>Unspecified</pose>
		<truncated>0</truncated>
		<difficult>0</difficult>
		<bndbox>
			<xmin>156</xmin>
			<ymin>105</ymin>
			<xmax>285</xmax>
			<ymax>259</ymax>
		</bndbox>
	</object>
</annotation>
