<annotation>
	<folder>dandelion</folder>
	<filename>7884440256_91c033732d.jpg</filename>
	<path>C:\Users\surba\Downloads\new_flowers_dataset\dandelion\7884440256_91c033732d.jpg</path>
	<source>
		<database>Unknown</database>
	</source>
	<size>
		<width>500</width>
		<height>333</height>
		<depth>3</depth>
	</size>
	<segmented>0</segmented>
	<object>
		<name>dandelion_white</name>
		<pose>Unspecified</pose>
		<truncated>0</truncated>
		<difficult>0</difficult>
		<bndbox>
			<xmin>233</xmin>
			<ymin>10</ymin>
			<xmax>413</xmax>
			<ymax>179</ymax>
		</bndbox>
	</object>
	<object>
		<name>dandelion_white</name>
		<pose>Unspecified</pose>
		<truncated>0</truncated>
		<difficult>0</difficult>
		<bndbox>
			<xmin>61</xmin>
			<ymin>89</ymin>
			<xmax>260</xmax>
			<ymax>257</ymax>
		</bndbox>
	</object>
</annotation>
