<annotation>
	<folder>dandelion</folder>
	<filename>7998106328_c3953f70e9_n.jpg</filename>
	<path>C:\Users\surba\Downloads\new_flowers_dataset\dandelion\7998106328_c3953f70e9_n.jpg</path>
	<source>
		<database>Unknown</database>
	</source>
	<size>
		<width>320</width>
		<height>240</height>
		<depth>3</depth>
	</size>
	<segmented>0</segmented>
	<object>
		<name>dandelion_yellow</name>
		<pose>Unspecified</pose>
		<truncated>0</truncated>
		<difficult>0</difficult>
		<bndbox>
			<xmin>134</xmin>
			<ymin>78</ymin>
			<xmax>230</xmax>
			<ymax>122</ymax>
		</bndbox>
	</object>
</annotation>
