<annotation>
	<folder>daisy</folder>
	<filename>8008629838_c62bb2b016_n.jpg</filename>
	<path>C:\Users\surba\Downloads\new_flowers_dataset\daisy\8008629838_c62bb2b016_n.jpg</path>
	<source>
		<database>Unknown</database>
	</source>
	<size>
		<width>159</width>
		<height>240</height>
		<depth>3</depth>
	</size>
	<segmented>0</segmented>
	<object>
		<name>daisy</name>
		<pose>Unspecified</pose>
		<truncated>0</truncated>
		<difficult>0</difficult>
		<bndbox>
			<xmin>9</xmin>
			<ymin>55</ymin>
			<xmax>153</xmax>
			<ymax>152</ymax>
		</bndbox>
	</object>
</annotation>
