<annotation>
	<folder>dandelion</folder>
	<filename>8011324555_375b7b5b0a.jpg</filename>
	<path>C:\Users\surba\Downloads\new_flowers_dataset\dandelion\8011324555_375b7b5b0a.jpg</path>
	<source>
		<database>Unknown</database>
	</source>
	<size>
		<width>500</width>
		<height>332</height>
		<depth>3</depth>
	</size>
	<segmented>0</segmented>
	<object>
		<name>dandelion_white</name>
		<pose>Unspecified</pose>
		<truncated>0</truncated>
		<difficult>0</difficult>
		<bndbox>
			<xmin>154</xmin>
			<ymin>82</ymin>
			<xmax>356</xmax>
			<ymax>249</ymax>
		</bndbox>
	</object>
</annotation>
