<annotation>
	<folder>rose</folder>
	<filename>8032328803_30afac8b07_m.jpg</filename>
	<path>C:\Users\surba\Downloads\new_flowers_dataset\rose\8032328803_30afac8b07_m.jpg</path>
	<source>
		<database>Unknown</database>
	</source>
	<size>
		<width>240</width>
		<height>240</height>
		<depth>3</depth>
	</size>
	<segmented>0</segmented>
	<object>
		<name>rose</name>
		<pose>Unspecified</pose>
		<truncated>0</truncated>
		<difficult>0</difficult>
		<bndbox>
			<xmin>32</xmin>
			<ymin>29</ymin>
			<xmax>216</xmax>
			<ymax>210</ymax>
		</bndbox>
	</object>
</annotation>
