<annotation>
	<folder>sunflower</folder>
	<filename>8038712786_5bdeed3c7f_m.jpg</filename>
	<path>C:\Users\surba\Downloads\new_flowers_dataset\sunflower\8038712786_5bdeed3c7f_m.jpg</path>
	<source>
		<database>Unknown</database>
	</source>
	<size>
		<width>240</width>
		<height>240</height>
		<depth>3</depth>
	</size>
	<segmented>0</segmented>
	<object>
		<name>sunflower</name>
		<pose>Unspecified</pose>
		<truncated>0</truncated>
		<difficult>0</difficult>
		<bndbox>
			<xmin>68</xmin>
			<ymin>53</ymin>
			<xmax>176</xmax>
			<ymax>156</ymax>
		</bndbox>
	</object>
</annotation>
