<annotation>
	<folder>rose</folder>
	<filename>8060338380_eb6c806624_n.jpg</filename>
	<path>C:\Users\surba\Downloads\new_flowers_dataset\rose\8060338380_eb6c806624_n.jpg</path>
	<source>
		<database>Unknown</database>
	</source>
	<size>
		<width>320</width>
		<height>240</height>
		<depth>3</depth>
	</size>
	<segmented>0</segmented>
	<object>
		<name>rose</name>
		<pose>Unspecified</pose>
		<truncated>1</truncated>
		<difficult>0</difficult>
		<bndbox>
			<xmin>80</xmin>
			<ymin>1</ymin>
			<xmax>316</xmax>
			<ymax>210</ymax>
		</bndbox>
	</object>
</annotation>
