<annotation>
	<folder>daisy</folder>
	<filename>8063844363_db3f4dea85.jpg</filename>
	<path>C:\Users\surba\Downloads\new_flowers_dataset\daisy\8063844363_db3f4dea85.jpg</path>
	<source>
		<database>Unknown</database>
	</source>
	<size>
		<width>500</width>
		<height>333</height>
		<depth>3</depth>
	</size>
	<segmented>0</segmented>
	<object>
		<name>daisy</name>
		<pose>Unspecified</pose>
		<truncated>0</truncated>
		<difficult>0</difficult>
		<bndbox>
			<xmin>42</xmin>
			<ymin>7</ymin>
			<xmax>433</xmax>
			<ymax>328</ymax>
		</bndbox>
	</object>
</annotation>
