<annotation>
	<folder>daisy</folder>
	<filename>8071646795_2fdc89ab7a_n.jpg</filename>
	<path>C:\Users\surba\Downloads\new_flowers_dataset\daisy\8071646795_2fdc89ab7a_n.jpg</path>
	<source>
		<database>Unknown</database>
	</source>
	<size>
		<width>320</width>
		<height>213</height>
		<depth>3</depth>
	</size>
	<segmented>0</segmented>
	<object>
		<name>daisy</name>
		<pose>Unspecified</pose>
		<truncated>0</truncated>
		<difficult>0</difficult>
		<bndbox>
			<xmin>70</xmin>
			<ymin>7</ymin>
			<xmax>311</xmax>
			<ymax>197</ymax>
		</bndbox>
	</object>
</annotation>
