<annotation>
	<folder>rose</folder>
	<filename>8125886145_ae99f91fd0.jpg</filename>
	<path>C:\Users\surba\Downloads\new_flowers_dataset\rose\8125886145_ae99f91fd0.jpg</path>
	<source>
		<database>Unknown</database>
	</source>
	<size>
		<width>500</width>
		<height>333</height>
		<depth>3</depth>
	</size>
	<segmented>0</segmented>
	<object>
		<name>rose</name>
		<pose>Unspecified</pose>
		<truncated>0</truncated>
		<difficult>0</difficult>
		<bndbox>
			<xmin>43</xmin>
			<ymin>55</ymin>
			<xmax>139</xmax>
			<ymax>152</ymax>
		</bndbox>
	</object>
	<object>
		<name>rose</name>
		<pose>Unspecified</pose>
		<truncated>0</truncated>
		<difficult>0</difficult>
		<bndbox>
			<xmin>52</xmin>
			<ymin>87</ymin>
			<xmax>280</xmax>
			<ymax>299</ymax>
		</bndbox>
	</object>
</annotation>
