<annotation>
	<folder>sunflower</folder>
	<filename>8174972548_0051c2d431.jpg</filename>
	<path>C:\Users\surba\Downloads\new_flowers_dataset\sunflower\8174972548_0051c2d431.jpg</path>
	<source>
		<database>Unknown</database>
	</source>
	<size>
		<width>500</width>
		<height>331</height>
		<depth>3</depth>
	</size>
	<segmented>0</segmented>
	<object>
		<name>sunflower</name>
		<pose>Unspecified</pose>
		<truncated>1</truncated>
		<difficult>0</difficult>
		<bndbox>
			<xmin>15</xmin>
			<ymin>1</ymin>
			<xmax>500</xmax>
			<ymax>331</ymax>
		</bndbox>
	</object>
</annotation>
