<annotation>
	<folder>rose</folder>
	<filename>8181940917_1ac63937d5_n.jpg</filename>
	<path>C:\Users\surba\Downloads\new_flowers_dataset\rose\8181940917_1ac63937d5_n.jpg</path>
	<source>
		<database>Unknown</database>
	</source>
	<size>
		<width>320</width>
		<height>251</height>
		<depth>3</depth>
	</size>
	<segmented>0</segmented>
	<object>
		<name>rose</name>
		<pose>Unspecified</pose>
		<truncated>0</truncated>
		<difficult>0</difficult>
		<bndbox>
			<xmin>40</xmin>
			<ymin>16</ymin>
			<xmax>219</xmax>
			<ymax>213</ymax>
		</bndbox>
	</object>
	<object>
		<name>rose</name>
		<pose>Unspecified</pose>
		<truncated>0</truncated>
		<difficult>0</difficult>
		<bndbox>
			<xmin>154</xmin>
			<ymin>34</ymin>
			<xmax>290</xmax>
			<ymax>209</ymax>
		</bndbox>
	</object>
</annotation>
