<annotation>
	<folder>daisy</folder>
	<filename>8382667241_0f046cecdb_n.jpg</filename>
	<path>C:\Users\surba\Downloads\new_flowers_dataset\daisy\8382667241_0f046cecdb_n.jpg</path>
	<source>
		<database>Unknown</database>
	</source>
	<size>
		<width>320</width>
		<height>246</height>
		<depth>3</depth>
	</size>
	<segmented>0</segmented>
	<object>
		<name>daisy</name>
		<pose>Unspecified</pose>
		<truncated>0</truncated>
		<difficult>0</difficult>
		<bndbox>
			<xmin>30</xmin>
			<ymin>23</ymin>
			<xmax>259</xmax>
			<ymax>222</ymax>
		</bndbox>
	</object>
</annotation>
