<annotation>
	<folder>sunflower</folder>
	<filename>8481979626_98c9f88848_n.jpg</filename>
	<path>C:\Users\surba\Downloads\new_flowers_dataset\sunflower\8481979626_98c9f88848_n.jpg</path>
	<source>
		<database>Unknown</database>
	</source>
	<size>
		<width>320</width>
		<height>216</height>
		<depth>3</depth>
	</size>
	<segmented>0</segmented>
	<object>
		<name>sunflower</name>
		<pose>Unspecified</pose>
		<truncated>0</truncated>
		<difficult>0</difficult>
		<bndbox>
			<xmin>46</xmin>
			<ymin>9</ymin>
			<xmax>253</xmax>
			<ymax>215</ymax>
		</bndbox>
	</object>
</annotation>
