<annotation>
	<folder>dandelion</folder>
	<filename>8642679391_0805b147cb_m.jpg</filename>
	<path>C:\Users\surba\Downloads\new_flowers_dataset\dandelion\8642679391_0805b147cb_m.jpg</path>
	<source>
		<database>Unknown</database>
	</source>
	<size>
		<width>240</width>
		<height>240</height>
		<depth>3</depth>
	</size>
	<segmented>0</segmented>
	<object>
		<name>dandelion_white</name>
		<pose>Unspecified</pose>
		<truncated>0</truncated>
		<difficult>0</difficult>
		<bndbox>
			<xmin>14</xmin>
			<ymin>21</ymin>
			<xmax>100</xmax>
			<ymax>90</ymax>
		</bndbox>
	</object>
	<object>
		<name>dandelion_white</name>
		<pose>Unspecified</pose>
		<truncated>0</truncated>
		<difficult>0</difficult>
		<bndbox>
			<xmin>84</xmin>
			<ymin>157</ymin>
			<xmax>163</xmax>
			<ymax>224</ymax>
		</bndbox>
	</object>
</annotation>
