<annotation>
	<folder>rose</folder>
	<filename>8671682526_7058143c99.jpg</filename>
	<path>C:\Users\surba\Downloads\new_flowers_dataset\rose\8671682526_7058143c99.jpg</path>
	<source>
		<database>Unknown</database>
	</source>
	<size>
		<width>500</width>
		<height>332</height>
		<depth>3</depth>
	</size>
	<segmented>0</segmented>
	<object>
		<name>rose</name>
		<pose>Unspecified</pose>
		<truncated>0</truncated>
		<difficult>0</difficult>
		<bndbox>
			<xmin>17</xmin>
			<ymin>22</ymin>
			<xmax>499</xmax>
			<ymax>330</ymax>
		</bndbox>
	</object>
</annotation>
