<annotation>
	<folder>dandelion</folder>
	<filename>8681420404_6ae114f036_n.jpg</filename>
	<path>C:\Users\surba\Downloads\new_flowers_dataset\dandelion\8681420404_6ae114f036_n.jpg</path>
	<source>
		<database>Unknown</database>
	</source>
	<size>
		<width>320</width>
		<height>240</height>
		<depth>3</depth>
	</size>
	<segmented>0</segmented>
	<object>
		<name>dandelion_yellow</name>
		<pose>Unspecified</pose>
		<truncated>0</truncated>
		<difficult>0</difficult>
		<bndbox>
			<xmin>5</xmin>
			<ymin>29</ymin>
			<xmax>212</xmax>
			<ymax>219</ymax>
		</bndbox>
	</object>
	<object>
		<name>dandelion_yellow</name>
		<pose>Unspecified</pose>
		<truncated>0</truncated>
		<difficult>0</difficult>
		<bndbox>
			<xmin>166</xmin>
			<ymin>66</ymin>
			<xmax>316</xmax>
			<ymax>208</ymax>
		</bndbox>
	</object>
</annotation>
