<annotation>
	<folder>dandelion</folder>
	<filename>8681169825_19a21c6bf5_m.jpg</filename>
	<path>C:\Users\surba\Downloads\new_flowers_dataset\dandelion\8681169825_19a21c6bf5_m.jpg</path>
	<source>
		<database>Unknown</database>
	</source>
	<size>
		<width>159</width>
		<height>240</height>
		<depth>3</depth>
	</size>
	<segmented>0</segmented>
	<object>
		<name>dandelion_white</name>
		<pose>Unspecified</pose>
		<truncated>0</truncated>
		<difficult>0</difficult>
		<bndbox>
			<xmin>22</xmin>
			<ymin>54</ymin>
			<xmax>135</xmax>
			<ymax>162</ymax>
		</bndbox>
	</object>
</annotation>
