<annotation>
	<folder>dandelion</folder>
	<filename>8687729737_a7fbeded2c_m.jpg</filename>
	<path>C:\Users\surba\Downloads\new_flowers_dataset\dandelion\8687729737_a7fbeded2c_m.jpg</path>
	<source>
		<database>Unknown</database>
	</source>
	<size>
		<width>180</width>
		<height>240</height>
		<depth>3</depth>
	</size>
	<segmented>0</segmented>
	<object>
		<name>dandelion_white</name>
		<pose>Unspecified</pose>
		<truncated>0</truncated>
		<difficult>0</difficult>
		<bndbox>
			<xmin>100</xmin>
			<ymin>144</ymin>
			<xmax>142</xmax>
			<ymax>180</ymax>
		</bndbox>
	</object>
</annotation>
