<annotation>
	<folder>tulip</folder>
	<filename>8697784345_e75913d220.jpg</filename>
	<path>C:\Users\surba\Downloads\new_flowers_dataset\tulip\8697784345_e75913d220.jpg</path>
	<source>
		<database>Unknown</database>
	</source>
	<size>
		<width>500</width>
		<height>333</height>
		<depth>3</depth>
	</size>
	<segmented>0</segmented>
	<object>
		<name>tulip</name>
		<pose>Unspecified</pose>
		<truncated>0</truncated>
		<difficult>0</difficult>
		<bndbox>
			<xmin>84</xmin>
			<ymin>73</ymin>
			<xmax>221</xmax>
			<ymax>258</ymax>
		</bndbox>
	</object>
</annotation>
