<annotation>
	<folder>dandelion</folder>
	<filename>8701999625_8d83138124.jpg</filename>
	<path>C:\Users\surba\Downloads\new_flowers_dataset\dandelion\8701999625_8d83138124.jpg</path>
	<source>
		<database>Unknown</database>
	</source>
	<size>
		<width>500</width>
		<height>335</height>
		<depth>3</depth>
	</size>
	<segmented>0</segmented>
	<object>
		<name>dandelion_yellow</name>
		<pose>Unspecified</pose>
		<truncated>0</truncated>
		<difficult>0</difficult>
		<bndbox>
			<xmin>214</xmin>
			<ymin>126</ymin>
			<xmax>255</xmax>
			<ymax>160</ymax>
		</bndbox>
	</object>
	<object>
		<name>dandelion_yellow</name>
		<pose>Unspecified</pose>
		<truncated>0</truncated>
		<difficult>0</difficult>
		<bndbox>
			<xmin>217</xmin>
			<ymin>196</ymin>
			<xmax>264</xmax>
			<ymax>245</ymax>
		</bndbox>
	</object>
	<object>
		<name>dandelion_yellow</name>
		<pose>Unspecified</pose>
		<truncated>0</truncated>
		<difficult>0</difficult>
		<bndbox>
			<xmin>13</xmin>
			<ymin>189</ymin>
			<xmax>59</xmax>
			<ymax>234</ymax>
		</bndbox>
	</object>
	<object>
		<name>dandelion_yellow</name>
		<pose>Unspecified</pose>
		<truncated>0</truncated>
		<difficult>0</difficult>
		<bndbox>
			<xmin>397</xmin>
			<ymin>168</ymin>
			<xmax>424</xmax>
			<ymax>191</ymax>
		</bndbox>
	</object>
	<object>
		<name>dandelion_yellow</name>
		<pose>Unspecified</pose>
		<truncated>0</truncated>
		<difficult>0</difficult>
		<bndbox>
			<xmin>458</xmin>
			<ymin>168</ymin>
			<xmax>491</xmax>
			<ymax>200</ymax>
		</bndbox>
	</object>
</annotation>
