<annotation>
	<folder>sunflower</folder>
	<filename>8705462313_4458d64cd4.jpg</filename>
	<path>C:\Users\surba\Downloads\new_flowers_dataset\sunflower\8705462313_4458d64cd4.jpg</path>
	<source>
		<database>Unknown</database>
	</source>
	<size>
		<width>500</width>
		<height>343</height>
		<depth>3</depth>
	</size>
	<segmented>0</segmented>
	<object>
		<name>sunflower</name>
		<pose>Unspecified</pose>
		<truncated>0</truncated>
		<difficult>0</difficult>
		<bndbox>
			<xmin>424</xmin>
			<ymin>109</ymin>
			<xmax>460</xmax>
			<ymax>172</ymax>
		</bndbox>
	</object>
	<object>
		<name>sunflower</name>
		<pose>Unspecified</pose>
		<truncated>0</truncated>
		<difficult>0</difficult>
		<bndbox>
			<xmin>39</xmin>
			<ymin>46</ymin>
			<xmax>256</xmax>
			<ymax>302</ymax>
		</bndbox>
	</object>
</annotation>
