<annotation>
	<folder>tulip</folder>
	<filename>8712268519_f4c2c39a06_n.jpg</filename>
	<path>C:\Users\surba\Downloads\new_flowers_dataset\tulip\8712268519_f4c2c39a06_n.jpg</path>
	<source>
		<database>Unknown</database>
	</source>
	<size>
		<width>320</width>
		<height>213</height>
		<depth>3</depth>
	</size>
	<segmented>0</segmented>
	<object>
		<name>tulip</name>
		<pose>Unspecified</pose>
		<truncated>0</truncated>
		<difficult>0</difficult>
		<bndbox>
			<xmin>131</xmin>
			<ymin>23</ymin>
			<xmax>222</xmax>
			<ymax>178</ymax>
		</bndbox>
	</object>
	<object>
		<name>tulip</name>
		<pose>Unspecified</pose>
		<truncated>0</truncated>
		<difficult>0</difficult>
		<bndbox>
			<xmin>2</xmin>
			<ymin>67</ymin>
			<xmax>52</xmax>
			<ymax>178</ymax>
		</bndbox>
	</object>
</annotation>
