<annotation>
	<folder>tulip</folder>
	<filename>8712243901_54d686319e_m.jpg</filename>
	<path>C:\Users\surba\Downloads\new_flowers_dataset\tulip\8712243901_54d686319e_m.jpg</path>
	<source>
		<database>Unknown</database>
	</source>
	<size>
		<width>159</width>
		<height>240</height>
		<depth>3</depth>
	</size>
	<segmented>0</segmented>
	<object>
		<name>tulip</name>
		<pose>Unspecified</pose>
		<truncated>0</truncated>
		<difficult>0</difficult>
		<bndbox>
			<xmin>46</xmin>
			<ymin>58</ymin>
			<xmax>109</xmax>
			<ymax>176</ymax>
		</bndbox>
	</object>
</annotation>
