<annotation>
	<folder>daisy</folder>
	<filename>8719756744_34a5a83976_n.jpg</filename>
	<path>C:\Users\surba\Downloads\new_flowers_dataset\daisy\8719756744_34a5a83976_n.jpg</path>
	<source>
		<database>Unknown</database>
	</source>
	<size>
		<width>320</width>
		<height>240</height>
		<depth>3</depth>
	</size>
	<segmented>0</segmented>
	<object>
		<name>daisy</name>
		<pose>Unspecified</pose>
		<truncated>0</truncated>
		<difficult>0</difficult>
		<bndbox>
			<xmin>117</xmin>
			<ymin>33</ymin>
			<xmax>190</xmax>
			<ymax>80</ymax>
		</bndbox>
	</object>
	<object>
		<name>daisy</name>
		<pose>Unspecified</pose>
		<truncated>0</truncated>
		<difficult>0</difficult>
		<bndbox>
			<xmin>101</xmin>
			<ymin>79</ymin>
			<xmax>198</xmax>
			<ymax>150</ymax>
		</bndbox>
	</object>
	<object>
		<name>daisy</name>
		<pose>Unspecified</pose>
		<truncated>1</truncated>
		<difficult>0</difficult>
		<bndbox>
			<xmin>239</xmin>
			<ymin>1</ymin>
			<xmax>310</xmax>
			<ymax>24</ymax>
		</bndbox>
	</object>
	<object>
		<name>daisy</name>
		<pose>Unspecified</pose>
		<truncated>0</truncated>
		<difficult>0</difficult>
		<bndbox>
			<xmin>30</xmin>
			<ymin>35</ymin>
			<xmax>97</xmax>
			<ymax>84</ymax>
		</bndbox>
	</object>
</annotation>
