<annotation>
	<folder>dandelion</folder>
	<filename>8733226215_161309f8ec.jpg</filename>
	<path>C:\Users\surba\Downloads\new_flowers_dataset\dandelion\8733226215_161309f8ec.jpg</path>
	<source>
		<database>Unknown</database>
	</source>
	<size>
		<width>500</width>
		<height>286</height>
		<depth>3</depth>
	</size>
	<segmented>0</segmented>
	<object>
		<name>dandelion_white</name>
		<pose>Unspecified</pose>
		<truncated>1</truncated>
		<difficult>0</difficult>
		<bndbox>
			<xmin>100</xmin>
			<ymin>2</ymin>
			<xmax>416</xmax>
			<ymax>286</ymax>
		</bndbox>
	</object>
</annotation>
