<annotation>
	<folder>rose</folder>
	<filename>873660804_37f5c6a46e_n.jpg</filename>
	<path>C:\Users\surba\Downloads\new_flowers_dataset\rose\873660804_37f5c6a46e_n.jpg</path>
	<source>
		<database>Unknown</database>
	</source>
	<size>
		<width>320</width>
		<height>223</height>
		<depth>3</depth>
	</size>
	<segmented>0</segmented>
	<object>
		<name>rose</name>
		<pose>Unspecified</pose>
		<truncated>0</truncated>
		<difficult>0</difficult>
		<bndbox>
			<xmin>55</xmin>
			<ymin>30</ymin>
			<xmax>291</xmax>
			<ymax>187</ymax>
		</bndbox>
	</object>
</annotation>
