<annotation>
	<folder>dandelion</folder>
	<filename>8748402330_c00f9fbf7f_n.jpg</filename>
	<path>C:\Users\surba\Downloads\new_flowers_dataset\dandelion\8748402330_c00f9fbf7f_n.jpg</path>
	<source>
		<database>Unknown</database>
	</source>
	<size>
		<width>320</width>
		<height>235</height>
		<depth>3</depth>
	</size>
	<segmented>0</segmented>
	<object>
		<name>dandelion_yellow</name>
		<pose>Unspecified</pose>
		<truncated>1</truncated>
		<difficult>0</difficult>
		<bndbox>
			<xmin>18</xmin>
			<ymin>1</ymin>
			<xmax>264</xmax>
			<ymax>216</ymax>
		</bndbox>
	</object>
</annotation>
