<annotation>
	<folder>dandelion</folder>
	<filename>8791577794_7573712cb4_n.jpg</filename>
	<path>C:\Users\surba\Downloads\new_flowers_dataset\dandelion\8791577794_7573712cb4_n.jpg</path>
	<source>
		<database>Unknown</database>
	</source>
	<size>
		<width>320</width>
		<height>240</height>
		<depth>3</depth>
	</size>
	<segmented>0</segmented>
	<object>
		<name>dandelion_white</name>
		<pose>Unspecified</pose>
		<truncated>1</truncated>
		<difficult>0</difficult>
		<bndbox>
			<xmin>1</xmin>
			<ymin>1</ymin>
			<xmax>320</xmax>
			<ymax>238</ymax>
		</bndbox>
	</object>
</annotation>
