<annotation>
	<folder>daisy</folder>
	<filename>8882282142_9be2524d38_m.jpg</filename>
	<path>C:\Users\surba\Downloads\new_flowers_dataset\daisy\8882282142_9be2524d38_m.jpg</path>
	<source>
		<database>Unknown</database>
	</source>
	<size>
		<width>160</width>
		<height>240</height>
		<depth>3</depth>
	</size>
	<segmented>0</segmented>
	<object>
		<name>daisy</name>
		<pose>Unspecified</pose>
		<truncated>0</truncated>
		<difficult>0</difficult>
		<bndbox>
			<xmin>6</xmin>
			<ymin>51</ymin>
			<xmax>151</xmax>
			<ymax>143</ymax>
		</bndbox>
	</object>
	<object>
		<name>daisy</name>
		<pose>Unspecified</pose>
		<truncated>0</truncated>
		<difficult>0</difficult>
		<bndbox>
			<xmin>11</xmin>
			<ymin>138</ymin>
			<xmax>98</xmax>
			<ymax>206</ymax>
		</bndbox>
	</object>
</annotation>
