<annotation>
	<folder>tulip</folder>
	<filename>8908097235_c3e746d36e_n.jpg</filename>
	<path>C:\Users\surba\Downloads\new_flowers_dataset\tulip\8908097235_c3e746d36e_n.jpg</path>
	<source>
		<database>Unknown</database>
	</source>
	<size>
		<width>320</width>
		<height>211</height>
		<depth>3</depth>
	</size>
	<segmented>0</segmented>
	<object>
		<name>tulip</name>
		<pose>Unspecified</pose>
		<truncated>0</truncated>
		<difficult>0</difficult>
		<bndbox>
			<xmin>62</xmin>
			<ymin>30</ymin>
			<xmax>130</xmax>
			<ymax>90</ymax>
		</bndbox>
	</object>
	<object>
		<name>tulip</name>
		<pose>Unspecified</pose>
		<truncated>0</truncated>
		<difficult>0</difficult>
		<bndbox>
			<xmin>190</xmin>
			<ymin>16</ymin>
			<xmax>279</xmax>
			<ymax>104</ymax>
		</bndbox>
	</object>
	<object>
		<name>tulip</name>
		<pose>Unspecified</pose>
		<truncated>0</truncated>
		<difficult>0</difficult>
		<bndbox>
			<xmin>25</xmin>
			<ymin>94</ymin>
			<xmax>100</xmax>
			<ymax>165</ymax>
		</bndbox>
	</object>
</annotation>
