<annotation>
	<folder>dandelion</folder>
	<filename>8935477500_89f22cca03_n.jpg</filename>
	<path>C:\Users\surba\Downloads\new_flowers_dataset\dandelion\8935477500_89f22cca03_n.jpg</path>
	<source>
		<database>Unknown</database>
	</source>
	<size>
		<width>320</width>
		<height>249</height>
		<depth>3</depth>
	</size>
	<segmented>0</segmented>
	<object>
		<name>dandelion_yellow</name>
		<pose>Unspecified</pose>
		<truncated>1</truncated>
		<difficult>0</difficult>
		<bndbox>
			<xmin>1</xmin>
			<ymin>28</ymin>
			<xmax>269</xmax>
			<ymax>249</ymax>
		</bndbox>
	</object>
</annotation>
