<annotation>
	<folder>dandelion</folder>
	<filename>8979062599_86cac547b8.jpg</filename>
	<path>C:\Users\surba\Downloads\new_flowers_dataset\dandelion\8979062599_86cac547b8.jpg</path>
	<source>
		<database>Unknown</database>
	</source>
	<size>
		<width>500</width>
		<height>333</height>
		<depth>3</depth>
	</size>
	<segmented>0</segmented>
	<object>
		<name>dandelion_white</name>
		<pose>Unspecified</pose>
		<truncated>0</truncated>
		<difficult>0</difficult>
		<bndbox>
			<xmin>124</xmin>
			<ymin>4</ymin>
			<xmax>490</xmax>
			<ymax>320</ymax>
		</bndbox>
	</object>
</annotation>
