<annotation>
	<folder>dandelion</folder>
	<filename>8981828144_4b66b4edb6_n.jpg</filename>
	<path>C:\Users\surba\Downloads\new_flowers_dataset\dandelion\8981828144_4b66b4edb6_n.jpg</path>
	<source>
		<database>Unknown</database>
	</source>
	<size>
		<width>320</width>
		<height>240</height>
		<depth>3</depth>
	</size>
	<segmented>0</segmented>
	<object>
		<name>dandelion_white</name>
		<pose>Unspecified</pose>
		<truncated>0</truncated>
		<difficult>0</difficult>
		<bndbox>
			<xmin>111</xmin>
			<ymin>59</ymin>
			<xmax>237</xmax>
			<ymax>163</ymax>
		</bndbox>
	</object>
</annotation>
