<annotation>
	<folder>dandelion</folder>
	<filename>8981659922_7b1be892e7_m.jpg</filename>
	<path>C:\Users\surba\Downloads\new_flowers_dataset\dandelion\8981659922_7b1be892e7_m.jpg</path>
	<source>
		<database>Unknown</database>
	</source>
	<size>
		<width>180</width>
		<height>240</height>
		<depth>3</depth>
	</size>
	<segmented>0</segmented>
	<object>
		<name>dandelion_yellow</name>
		<pose>Unspecified</pose>
		<truncated>0</truncated>
		<difficult>0</difficult>
		<bndbox>
			<xmin>44</xmin>
			<ymin>44</ymin>
			<xmax>132</xmax>
			<ymax>131</ymax>
		</bndbox>
	</object>
	<object>
		<name>dandelion_yellow</name>
		<pose>Unspecified</pose>
		<truncated>0</truncated>
		<difficult>0</difficult>
		<bndbox>
			<xmin>45</xmin>
			<ymin>132</ymin>
			<xmax>117</xmax>
			<ymax>203</ymax>
		</bndbox>
	</object>
</annotation>
