<annotation>
	<folder>dandelion</folder>
	<filename>9010116368_2f51f1e086_n.jpg</filename>
	<path>C:\Users\surba\Downloads\new_flowers_dataset\dandelion\9010116368_2f51f1e086_n.jpg</path>
	<source>
		<database>Unknown</database>
	</source>
	<size>
		<width>320</width>
		<height>213</height>
		<depth>3</depth>
	</size>
	<segmented>0</segmented>
	<object>
		<name>dandelion_white</name>
		<pose>Unspecified</pose>
		<truncated>0</truncated>
		<difficult>0</difficult>
		<bndbox>
			<xmin>112</xmin>
			<ymin>63</ymin>
			<xmax>200</xmax>
			<ymax>137</ymax>
		</bndbox>
	</object>
	<object>
		<name>dandelion_white</name>
		<pose>Unspecified</pose>
		<truncated>0</truncated>
		<difficult>0</difficult>
		<bndbox>
			<xmin>206</xmin>
			<ymin>114</ymin>
			<xmax>305</xmax>
			<ymax>189</ymax>
		</bndbox>
	</object>
	<object>
		<name>dandelion_white</name>
		<pose>Unspecified</pose>
		<truncated>1</truncated>
		<difficult>0</difficult>
		<bndbox>
			<xmin>1</xmin>
			<ymin>150</ymin>
			<xmax>80</xmax>
			<ymax>213</ymax>
		</bndbox>
	</object>
</annotation>
