<annotation>
	<folder>rose</folder>
	<filename>9164900485_605aa12da8.jpg</filename>
	<path>C:\Users\surba\Downloads\new_flowers_dataset\rose\9164900485_605aa12da8.jpg</path>
	<source>
		<database>Unknown</database>
	</source>
	<size>
		<width>500</width>
		<height>333</height>
		<depth>3</depth>
	</size>
	<segmented>0</segmented>
	<object>
		<name>rose</name>
		<pose>Unspecified</pose>
		<truncated>1</truncated>
		<difficult>0</difficult>
		<bndbox>
			<xmin>163</xmin>
			<ymin>62</ymin>
			<xmax>433</xmax>
			<ymax>333</ymax>
		</bndbox>
	</object>
</annotation>
