<annotation>
	<folder>rose</folder>
	<filename>9167147034_0a66ee3616_n.jpg</filename>
	<path>C:\Users\surba\Downloads\new_flowers_dataset\rose\9167147034_0a66ee3616_n.jpg</path>
	<source>
		<database>Unknown</database>
	</source>
	<size>
		<width>320</width>
		<height>213</height>
		<depth>3</depth>
	</size>
	<segmented>0</segmented>
	<object>
		<name>rose</name>
		<pose>Unspecified</pose>
		<truncated>0</truncated>
		<difficult>0</difficult>
		<bndbox>
			<xmin>100</xmin>
			<ymin>31</ymin>
			<xmax>219</xmax>
			<ymax>134</ymax>
		</bndbox>
	</object>
</annotation>
