<annotation>
	<folder>dandelion</folder>
	<filename>9200211647_be34ce978b.jpg</filename>
	<path>C:\Users\surba\Downloads\new_flowers_dataset\dandelion\9200211647_be34ce978b.jpg</path>
	<source>
		<database>Unknown</database>
	</source>
	<size>
		<width>500</width>
		<height>331</height>
		<depth>3</depth>
	</size>
	<segmented>0</segmented>
	<object>
		<name>dandelion_white</name>
		<pose>Unspecified</pose>
		<truncated>0</truncated>
		<difficult>0</difficult>
		<bndbox>
			<xmin>121</xmin>
			<ymin>27</ymin>
			<xmax>426</xmax>
			<ymax>304</ymax>
		</bndbox>
	</object>
</annotation>
