<annotation>
	<folder>dandelion</folder>
	<filename>921252114_91e334b950.jpg</filename>
	<path>C:\Users\surba\Downloads\new_flowers_dataset\dandelion\921252114_91e334b950.jpg</path>
	<source>
		<database>Unknown</database>
	</source>
	<size>
		<width>0</width>
		<height>0</height>
		<depth>3</depth>
	</size>
	<segmented>0</segmented>
	<object>
		<name>dandelion_white</name>
		<pose>Unspecified</pose>
		<truncated>0</truncated>
		<difficult>0</difficult>
		<bndbox>
			<xmin>184</xmin>
			<ymin>49</ymin>
			<xmax>431</xmax>
			<ymax>274</ymax>
		</bndbox>
	</object>
</annotation>
