<annotation>
	<folder>dandelion</folder>
	<filename>9301891790_971dcfb35d_m.jpg</filename>
	<path>C:\Users\surba\Downloads\new_flowers_dataset\dandelion\9301891790_971dcfb35d_m.jpg</path>
	<source>
		<database>Unknown</database>
	</source>
	<size>
		<width>240</width>
		<height>224</height>
		<depth>3</depth>
	</size>
	<segmented>0</segmented>
	<object>
		<name>dandelion_white</name>
		<pose>Unspecified</pose>
		<truncated>0</truncated>
		<difficult>0</difficult>
		<bndbox>
			<xmin>35</xmin>
			<ymin>27</ymin>
			<xmax>195</xmax>
			<ymax>192</ymax>
		</bndbox>
	</object>
</annotation>
