<annotation>
	<folder>rose</folder>
	<filename>9309388105_12c0b8dd54_m.jpg</filename>
	<path>C:\Users\surba\Downloads\new_flowers_dataset\rose\9309388105_12c0b8dd54_m.jpg</path>
	<source>
		<database>Unknown</database>
	</source>
	<size>
		<width>219</width>
		<height>240</height>
		<depth>3</depth>
	</size>
	<segmented>0</segmented>
	<object>
		<name>rose</name>
		<pose>Unspecified</pose>
		<truncated>0</truncated>
		<difficult>0</difficult>
		<bndbox>
			<xmin>8</xmin>
			<ymin>17</ymin>
			<xmax>109</xmax>
			<ymax>124</ymax>
		</bndbox>
	</object>
</annotation>
