<annotation>
	<folder>rose</folder>
	<filename>9338237628_4d2547608c.jpg</filename>
	<path>C:\Users\surba\Downloads\new_flowers_dataset\rose\9338237628_4d2547608c.jpg</path>
	<source>
		<database>Unknown</database>
	</source>
	<size>
		<width>500</width>
		<height>333</height>
		<depth>3</depth>
	</size>
	<segmented>0</segmented>
	<object>
		<name>rose</name>
		<pose>Unspecified</pose>
		<truncated>0</truncated>
		<difficult>0</difficult>
		<bndbox>
			<xmin>42</xmin>
			<ymin>82</ymin>
			<xmax>198</xmax>
			<ymax>203</ymax>
		</bndbox>
	</object>
	<object>
		<name>rose</name>
		<pose>Unspecified</pose>
		<truncated>0</truncated>
		<difficult>0</difficult>
		<bndbox>
			<xmin>149</xmin>
			<ymin>70</ymin>
			<xmax>402</xmax>
			<ymax>278</ymax>
		</bndbox>
	</object>
</annotation>
