<annotation>
	<folder>sunflower</folder>
	<filename>9384867134_83af458a19_n.jpg</filename>
	<path>C:\Users\surba\Downloads\new_flowers_dataset\sunflower\9384867134_83af458a19_n.jpg</path>
	<source>
		<database>Unknown</database>
	</source>
	<size>
		<width>320</width>
		<height>240</height>
		<depth>3</depth>
	</size>
	<segmented>0</segmented>
	<object>
		<name>sunflower</name>
		<pose>Unspecified</pose>
		<truncated>0</truncated>
		<difficult>0</difficult>
		<bndbox>
			<xmin>100</xmin>
			<ymin>14</ymin>
			<xmax>242</xmax>
			<ymax>207</ymax>
		</bndbox>
	</object>
</annotation>
