<annotation>
	<folder>sunflower</folder>
	<filename>9400904374_37723396e3_n.jpg</filename>
	<path>C:\Users\surba\Downloads\new_flowers_dataset\sunflower\9400904374_37723396e3_n.jpg</path>
	<source>
		<database>Unknown</database>
	</source>
	<size>
		<width>240</width>
		<height>180</height>
		<depth>3</depth>
	</size>
	<segmented>0</segmented>
	<object>
		<name>sunflower</name>
		<pose>Unspecified</pose>
		<truncated>0</truncated>
		<difficult>0</difficult>
		<bndbox>
			<xmin>32</xmin>
			<ymin>29</ymin>
			<xmax>155</xmax>
			<ymax>147</ymax>
		</bndbox>
	</object>
</annotation>
