<annotation>
	<folder>sunflower</folder>
	<filename>9432335346_e298e47713_n.jpg</filename>
	<path>C:\Users\surba\Downloads\new_flowers_dataset\sunflower\9432335346_e298e47713_n.jpg</path>
	<source>
		<database>Unknown</database>
	</source>
	<size>
		<width>320</width>
		<height>240</height>
		<depth>3</depth>
	</size>
	<segmented>0</segmented>
	<object>
		<name>sunflower</name>
		<pose>Unspecified</pose>
		<truncated>0</truncated>
		<difficult>0</difficult>
		<bndbox>
			<xmin>138</xmin>
			<ymin>12</ymin>
			<xmax>298</xmax>
			<ymax>169</ymax>
		</bndbox>
	</object>
	<object>
		<name>sunflower</name>
		<pose>Unspecified</pose>
		<truncated>0</truncated>
		<difficult>0</difficult>
		<bndbox>
			<xmin>23</xmin>
			<ymin>96</ymin>
			<xmax>145</xmax>
			<ymax>226</ymax>
		</bndbox>
	</object>
</annotation>
