<annotation>
	<folder>tulip</folder>
	<filename>9444202147_405290415b_n.jpg</filename>
	<path>C:\Users\surba\Downloads\new_flowers_dataset\tulip\9444202147_405290415b_n.jpg</path>
	<source>
		<database>Unknown</database>
	</source>
	<size>
		<width>320</width>
		<height>240</height>
		<depth>3</depth>
	</size>
	<segmented>0</segmented>
	<object>
		<name>tulip</name>
		<pose>Unspecified</pose>
		<truncated>0</truncated>
		<difficult>0</difficult>
		<bndbox>
			<xmin>60</xmin>
			<ymin>34</ymin>
			<xmax>237</xmax>
			<ymax>200</ymax>
		</bndbox>
	</object>
</annotation>
