<annotation>
	<folder>tulip</folder>
	<filename>9446982168_06c4d71da3_n.jpg</filename>
	<path>C:\Users\surba\Downloads\new_flowers_dataset\tulip\9446982168_06c4d71da3_n.jpg</path>
	<source>
		<database>Unknown</database>
	</source>
	<size>
		<width>320</width>
		<height>240</height>
		<depth>3</depth>
	</size>
	<segmented>0</segmented>
	<object>
		<name>tulip</name>
		<pose>Unspecified</pose>
		<truncated>0</truncated>
		<difficult>0</difficult>
		<bndbox>
			<xmin>75</xmin>
			<ymin>43</ymin>
			<xmax>254</xmax>
			<ymax>205</ymax>
		</bndbox>
	</object>
</annotation>
