<annotation>
	<folder>dandelion</folder>
	<filename>9472854850_fc9e1db673.jpg</filename>
	<path>C:\Users\surba\Downloads\new_flowers_dataset\dandelion\9472854850_fc9e1db673.jpg</path>
	<source>
		<database>Unknown</database>
	</source>
	<size>
		<width>500</width>
		<height>327</height>
		<depth>3</depth>
	</size>
	<segmented>0</segmented>
	<object>
		<name>dandelion_yellow</name>
		<pose>Unspecified</pose>
		<truncated>0</truncated>
		<difficult>0</difficult>
		<bndbox>
			<xmin>136</xmin>
			<ymin>85</ymin>
			<xmax>461</xmax>
			<ymax>289</ymax>
		</bndbox>
	</object>
</annotation>
