<annotation>
	<folder>sunflower</folder>
	<filename>9491955955_d0b2c83834.jpg</filename>
	<path>C:\Users\surba\Downloads\new_flowers_dataset\sunflower\9491955955_d0b2c83834.jpg</path>
	<source>
		<database>Unknown</database>
	</source>
	<size>
		<width>500</width>
		<height>266</height>
		<depth>3</depth>
	</size>
	<segmented>0</segmented>
	<object>
		<name>sunflower</name>
		<pose>Unspecified</pose>
		<truncated>0</truncated>
		<difficult>0</difficult>
		<bndbox>
			<xmin>86</xmin>
			<ymin>78</ymin>
			<xmax>162</xmax>
			<ymax>170</ymax>
		</bndbox>
	</object>
</annotation>
