<annotation>
	<folder>daisy</folder>
	<filename>9496209717_25a6ebdab6_m.jpg</filename>
	<path>C:\Users\surba\Downloads\new_flowers_dataset\daisy\9496209717_25a6ebdab6_m.jpg</path>
	<source>
		<database>Unknown</database>
	</source>
	<size>
		<width>240</width>
		<height>240</height>
		<depth>3</depth>
	</size>
	<segmented>0</segmented>
	<object>
		<name>daisy</name>
		<pose>Unspecified</pose>
		<truncated>0</truncated>
		<difficult>0</difficult>
		<bndbox>
			<xmin>56</xmin>
			<ymin>78</ymin>
			<xmax>207</xmax>
			<ymax>178</ymax>
		</bndbox>
	</object>
</annotation>
