<annotation>
	<folder>dandelion</folder>
	<filename>9517326597_5d116a0166.jpg</filename>
	<path>C:\Users\surba\Downloads\new_flowers_dataset\dandelion\9517326597_5d116a0166.jpg</path>
	<source>
		<database>Unknown</database>
	</source>
	<size>
		<width>500</width>
		<height>333</height>
		<depth>3</depth>
	</size>
	<segmented>0</segmented>
	<object>
		<name>dandelion_yellow</name>
		<pose>Unspecified</pose>
		<truncated>0</truncated>
		<difficult>0</difficult>
		<bndbox>
			<xmin>141</xmin>
			<ymin>39</ymin>
			<xmax>439</xmax>
			<ymax>300</ymax>
		</bndbox>
	</object>
</annotation>
