<annotation>
	<folder>sunflower</folder>
	<filename>9555827829_74e6f60f1d_m.jpg</filename>
	<path>C:\Users\surba\Downloads\new_flowers_dataset\sunflower\9555827829_74e6f60f1d_m.jpg</path>
	<source>
		<database>Unknown</database>
	</source>
	<size>
		<width>160</width>
		<height>240</height>
		<depth>3</depth>
	</size>
	<segmented>0</segmented>
	<object>
		<name>sunflower</name>
		<pose>Unspecified</pose>
		<truncated>0</truncated>
		<difficult>0</difficult>
		<bndbox>
			<xmin>23</xmin>
			<ymin>21</ymin>
			<xmax>122</xmax>
			<ymax>112</ymax>
		</bndbox>
	</object>
	<object>
		<name>sunflower</name>
		<pose>Unspecified</pose>
		<truncated>0</truncated>
		<difficult>0</difficult>
		<bndbox>
			<xmin>65</xmin>
			<ymin>125</ymin>
			<xmax>139</xmax>
			<ymax>199</ymax>
		</bndbox>
	</object>
	<object>
		<name>sunflower</name>
		<pose>Unspecified</pose>
		<truncated>1</truncated>
		<difficult>0</difficult>
		<bndbox>
			<xmin>123</xmin>
			<ymin>42</ymin>
			<xmax>160</xmax>
			<ymax>115</ymax>
		</bndbox>
	</object>
</annotation>
