<annotation>
	<folder>sunflower</folder>
	<filename>9558627290_353a14ba0b_m.jpg</filename>
	<path>C:\Users\surba\Downloads\new_flowers_dataset\sunflower\9558627290_353a14ba0b_m.jpg</path>
	<source>
		<database>Unknown</database>
	</source>
	<size>
		<width>160</width>
		<height>240</height>
		<depth>3</depth>
	</size>
	<segmented>0</segmented>
	<object>
		<name>sunflower</name>
		<pose>Unspecified</pose>
		<truncated>0</truncated>
		<difficult>0</difficult>
		<bndbox>
			<xmin>18</xmin>
			<ymin>10</ymin>
			<xmax>142</xmax>
			<ymax>157</ymax>
		</bndbox>
	</object>
</annotation>
