<annotation>
	<folder>dandelion</folder>
	<filename>9595369280_dd88b61814.jpg</filename>
	<path>C:\Users\surba\Downloads\new_flowers_dataset\dandelion\9595369280_dd88b61814.jpg</path>
	<source>
		<database>Unknown</database>
	</source>
	<size>
		<width>500</width>
		<height>333</height>
		<depth>3</depth>
	</size>
	<segmented>0</segmented>
	<object>
		<name>dandelion_white</name>
		<pose>Unspecified</pose>
		<truncated>0</truncated>
		<difficult>0</difficult>
		<bndbox>
			<xmin>74</xmin>
			<ymin>26</ymin>
			<xmax>365</xmax>
			<ymax>307</ymax>
		</bndbox>
	</object>
</annotation>
