<annotation>
	<folder>daisy</folder>
	<filename>9611923744_013b29e4da_n.jpg</filename>
	<path>C:\Users\surba\Downloads\new_flowers_dataset\daisy\9611923744_013b29e4da_n.jpg</path>
	<source>
		<database>Unknown</database>
	</source>
	<size>
		<width>320</width>
		<height>213</height>
		<depth>3</depth>
	</size>
	<segmented>0</segmented>
	<object>
		<name>daisy</name>
		<pose>Unspecified</pose>
		<truncated>0</truncated>
		<difficult>0</difficult>
		<bndbox>
			<xmin>92</xmin>
			<ymin>58</ymin>
			<xmax>227</xmax>
			<ymax>157</ymax>
		</bndbox>
	</object>
</annotation>
