<annotation>
	<folder>dandelion</folder>
	<filename>9617087594_ec2a9b16f6.jpg</filename>
	<path>C:\Users\surba\Downloads\new_flowers_dataset\dandelion\9617087594_ec2a9b16f6.jpg</path>
	<source>
		<database>Unknown</database>
	</source>
	<size>
		<width>500</width>
		<height>333</height>
		<depth>3</depth>
	</size>
	<segmented>0</segmented>
	<object>
		<name>dandelion_white</name>
		<pose>Unspecified</pose>
		<truncated>1</truncated>
		<difficult>0</difficult>
		<bndbox>
			<xmin>1</xmin>
			<ymin>1</ymin>
			<xmax>497</xmax>
			<ymax>333</ymax>
		</bndbox>
	</object>
</annotation>
