<annotation>
	<folder>dandelion</folder>
	<filename>9719816995_8f211abf02_n.jpg</filename>
	<path>C:\Users\surba\Downloads\new_flowers_dataset\dandelion\9719816995_8f211abf02_n.jpg</path>
	<source>
		<database>Unknown</database>
	</source>
	<size>
		<width>320</width>
		<height>236</height>
		<depth>3</depth>
	</size>
	<segmented>0</segmented>
	<object>
		<name>dandelion_white</name>
		<pose>Unspecified</pose>
		<truncated>0</truncated>
		<difficult>0</difficult>
		<bndbox>
			<xmin>90</xmin>
			<ymin>43</ymin>
			<xmax>192</xmax>
			<ymax>134</ymax>
		</bndbox>
	</object>
</annotation>
