<annotation>
	<folder>dandelion</folder>
	<filename>9726260379_4e8ee66875_m.jpg</filename>
	<path>C:\Users\surba\Downloads\new_flowers_dataset\dandelion\9726260379_4e8ee66875_m.jpg</path>
	<source>
		<database>Unknown</database>
	</source>
	<size>
		<width>180</width>
		<height>240</height>
		<depth>3</depth>
	</size>
	<segmented>0</segmented>
	<object>
		<name>dandelion_white</name>
		<pose>Unspecified</pose>
		<truncated>0</truncated>
		<difficult>0</difficult>
		<bndbox>
			<xmin>17</xmin>
			<ymin>50</ymin>
			<xmax>158</xmax>
			<ymax>173</ymax>
		</bndbox>
	</object>
</annotation>
