<annotation>
	<folder>sunflower</folder>
	<filename>9738792160_00cbcc99c8_n.jpg</filename>
	<path>C:\Users\surba\Downloads\new_flowers_dataset\sunflower\9738792160_00cbcc99c8_n.jpg</path>
	<source>
		<database>Unknown</database>
	</source>
	<size>
		<width>240</width>
		<height>159</height>
		<depth>3</depth>
	</size>
	<segmented>0</segmented>
	<object>
		<name>sunflower</name>
		<pose>Unspecified</pose>
		<truncated>0</truncated>
		<difficult>0</difficult>
		<bndbox>
			<xmin>76</xmin>
			<ymin>19</ymin>
			<xmax>235</xmax>
			<ymax>131</ymax>
		</bndbox>
	</object>
	<object>
		<name>sunflower</name>
		<pose>Unspecified</pose>
		<truncated>0</truncated>
		<difficult>0</difficult>
		<bndbox>
			<xmin>3</xmin>
			<ymin>43</ymin>
			<xmax>69</xmax>
			<ymax>103</ymax>
		</bndbox>
	</object>
</annotation>
