<annotation>
	<folder>dandelion</folder>
	<filename>9965757055_ff01b5ee6f_n.jpg</filename>
	<path>C:\Users\surba\Downloads\new_flowers_dataset\dandelion\9965757055_ff01b5ee6f_n.jpg</path>
	<source>
		<database>Unknown</database>
	</source>
	<size>
		<width>320</width>
		<height>240</height>
		<depth>3</depth>
	</size>
	<segmented>0</segmented>
	<object>
		<name>dandelion_yellow</name>
		<pose>Unspecified</pose>
		<truncated>0</truncated>
		<difficult>0</difficult>
		<bndbox>
			<xmin>91</xmin>
			<ymin>46</ymin>
			<xmax>237</xmax>
			<ymax>183</ymax>
		</bndbox>
	</object>
</annotation>
